filename,speaker,start,end,phoneme,confidence
MGM_AFA1_2ND.WAV,SPEAKER_00,0.0,0.4522,?,0.34435
MGM_AFA1_2ND.WAV,SPEAKER_00,0.4522,0.9043,p,0.6543
MGM_AFA1_2ND.WAV,SPEAKER_00,0.9043,1.3565,a,0.6887
MGM_AFA1_2ND.WAV,SPEAKER_00,1.3565,1.8087,t,0.6887
MGM_AFA1_2ND.WAV,SPEAKER_00,1.8087,2.2609,a,0.6887
MGM_AFA1_2ND.WAV,SPEAKER_00,2.2609,2.713,?,0.34435
MGM_AFA1_2ND.WAV,SPEAKER_00,2.713,3.1652,ɹ,0.6543
MGM_AFA1_2ND.WAV,SPEAKER_00,3.1652,3.6174,l,0.6887
MGM_AFA1_2ND.WAV,SPEAKER_00,3.6174,4.0695,i,0.6887
MGM_AFA1_2ND.WAV,SPEAKER_00,4.0695,4.5217,ɹ,0.6543
MGM_AFA1_2ND.WAV,SPEAKER_00,4.5217,4.9739,l,0.6887
MGM_AFA1_2ND.WAV,SPEAKER_00,4.9739,5.426,i,0.6887
MGM_AFA1_2ND.WAV,SPEAKER_00,5.426,5.8782,t,0.6543
MGM_AFA1_2ND.WAV,SPEAKER_00,5.8782,6.3304,e,0.6887
MGM_AFA1_2ND.WAV,SPEAKER_00,6.3304,6.7826,l,0.6887
MGM_AFA1_2ND.WAV,SPEAKER_00,6.7826,7.2347,i,0.6887
MGM_AFA1_2ND.WAV,SPEAKER_00,7.2347,7.6869,t,0.6543
MGM_AFA1_2ND.WAV,SPEAKER_00,7.6869,8.1391,a,0.6887
MGM_AFA1_2ND.WAV,SPEAKER_00,8.1391,8.5912,l,0.6887
MGM_AFA1_2ND.WAV,SPEAKER_00,8.5912,9.0434,?,0.34435
MGM_AFA1_2ND.WAV,SPEAKER_00,9.0434,9.4956,l,0.6887
MGM_AFA1_2ND.WAV,SPEAKER_00,9.4956,9.9477,?,0.34435
MGM_AFA1_2ND.WAV,SPEAKER_00,9.9477,10.3999,p,0.6887
MGM_AFA1_2ND.WAV,SPEAKER_00,10.3999,10.8521,i,0.6887
MGM_AFA1_2ND.WAV,SPEAKER_00,12.2086,12.6608,a,0.6887
MGM_AFA1_2ND.WAV,SPEAKER_00,12.6608,13.1129,l,0.6887
MGM_AFA1_2ND.WAV,SPEAKER_00,13.1129,13.5651,o,0.6887
MGM_AFA1_2ND.WAV,SPEAKER_00,13.5651,14.0173,t,0.6887
MGM_AFA1_2ND.WAV,SPEAKER_00,25.7737,26.2259,t,0.6887
MGM_AFA1_2ND.WAV,SPEAKER_00,26.2259,26.678,c,0.6543
MGM_AFA1_2ND.WAV,SPEAKER_00,26.678,27.1302,a,0.6887
MGM_AFA1_2ND.WAV,SPEAKER_00,27.1302,27.5824,ɹ,0.6543
MGM_AFA1_2ND.WAV,SPEAKER_00,27.5824,28.0345,i,0.6887
MGM_AFA1_2ND.WAV,SPEAKER_00,28.0345,28.4867,a,0.6887
MGM_AFA1_2ND.WAV,SPEAKER_00,28.4867,28.9389,t,0.6543
MGM_AFA1_2ND.WAV,SPEAKER_00,28.9389,29.3911,p,0.6543
MGM_AFA1_2ND.WAV,SPEAKER_00,29.3911,29.8432,o,0.6887
MGM_AFA1_2ND.WAV,SPEAKER_00,29.8432,30.2954,n,0.6887
MGM_AFA1_2ND.WAV,SPEAKER_00,30.2954,30.7476,p,0.6543
MGM_AFA1_2ND.WAV,SPEAKER_00,30.7476,31.1997,o,0.6887
MGM_AFA1_2ND.WAV,SPEAKER_00,31.1997,31.6519,n,0.6887
MGM_AFA1_2ND.WAV,SPEAKER_00,31.6519,32.1041,k,0.6887
MGM_AFA1_2ND.WAV,SPEAKER_00,33.9128,34.3649,k,0.6887
MGM_AFA1_2ND.WAV,SPEAKER_00,34.3649,34.8171,u,0.6887
MGM_AFA1_2ND.WAV,SPEAKER_00,34.8171,35.2693,t,0.6543
MGM_AFA1_2ND.WAV,SPEAKER_00,35.2693,35.7214,k,0.6887
MGM_AFA1_2ND.WAV,SPEAKER_00,35.7214,36.1736,u,0.6887
MGM_AFA1_2ND.WAV,SPEAKER_00,36.1736,36.6258,t,0.6543
MGM_AFA1_2ND.WAV,SPEAKER_00,36.6258,37.0779,t,0.6887
MGM_AFA1_2ND.WAV,SPEAKER_00,37.0779,37.5301,i,0.6887
MGM_AFA1_2ND.WAV,SPEAKER_00,37.5301,37.9823,ɹ,0.6543
MGM_AFA1_2ND.WAV,SPEAKER_00,37.9823,38.4345,t,0.6887
MGM_AFA1_2ND.WAV,SPEAKER_00,38.4345,38.8866,?,0.34435
MGM_AFA1_2ND.WAV,SPEAKER_00,38.8866,39.3388,?,0.34435
MGM_AFA1_2ND.WAV,SPEAKER_00,39.3388,39.791,n,0.6887
MGM_AFA1_2ND.WAV,SPEAKER_00,39.791,40.2431,a,0.6887
MGM_AFA1_2ND.WAV,SPEAKER_00,40.2431,40.6953,l,0.6887
MGM_AFA1_2ND.WAV,SPEAKER_00,40.6953,41.1475,e,0.6887
MGM_AFA1_2ND.WAV,SPEAKER_00,48.8344,49.2865,s,0.6887
MGM_AFA1_2ND.WAV,SPEAKER_00,51.5474,51.9996,a,0.6887
MGM_AFA1_2ND.WAV,SPEAKER_00,51.9996,52.4517,n,0.6887
MGM_AFA1_2ND.WAV,SPEAKER_00,52.4517,52.9039,c,0.6543
MGM_AFA1_2ND.WAV,SPEAKER_00,52.9039,53.3561,e,0.6887
MGM_AFA1_2ND.WAV,SPEAKER_00,53.3561,53.8082,k,0.6887
MGM_AFA1_2ND.WAV,SPEAKER_00,54.7126,55.1647,n,0.6887
MGM_AFA1_2ND.WAV,SPEAKER_00,55.1647,55.6169,c,0.6543
MGM_AFA1_2ND.WAV,SPEAKER_00,55.6169,56.0691,e,0.6887
MGM_AFA1_2ND.WAV,SPEAKER_00,56.0691,56.5213,t,0.6543
MGM_AFA1_2ND.WAV,SPEAKER_00,58.3299,58.7821,?,0.34435
MGM_AFA1_2ND.WAV,SPEAKER_00,60.5908,61.043,c,0.6543
MGM_AFA1_2ND.WAV,SPEAKER_00,61.043,61.4951,ɹ,0.6543
MGM_AFA1_2ND.WAV,SPEAKER_00,61.4951,61.9473,l,0.6887
MGM_AFA1_2ND.WAV,SPEAKER_00,61.9473,62.3995,?,0.34435
MGM_AFA1_2ND.WAV,SPEAKER_00,62.3995,62.8516,a,0.6887
MGM_AFA1_2ND.WAV,SPEAKER_00,62.8516,63.3038,k,0.6543
MGM_AFA1_2ND.WAV,SPEAKER_00,63.3038,63.756,a,0.6887
MGM_AFA1_2ND.WAV,SPEAKER_00,69.182,69.6342,e,0.6887
MGM_AFA1_2ND.WAV,SPEAKER_00,69.6342,70.0864,p,0.6543
MGM_AFA1_2ND.WAV,SPEAKER_00,70.0864,70.5385,a,0.6887
MGM_AFA1_2ND.WAV,SPEAKER_00,70.5385,70.9907,n,0.6887
MGM_AFA1_2ND.WAV,SPEAKER_00,70.9907,71.4429,?,0.34435
MGM_AFA1_2ND.WAV,SPEAKER_00,71.4429,71.895,i,0.6887
MGM_AFA1_2ND.WAV,SPEAKER_00,71.895,72.3472,p,0.6543
MGM_AFA1_2ND.WAV,SPEAKER_00,72.3472,72.7994,a,0.6887
MGM_AFA1_2ND.WAV,SPEAKER_00,72.7994,73.2516,c,0.6543
MGM_AFA1_2ND.WAV,SPEAKER_00,73.2516,73.7037,e,0.6887
MGM_AFA1_2ND.WAV,SPEAKER_00,73.7037,74.1559,c,0.6543
MGM_AFA1_2ND.WAV,SPEAKER_00,74.1559,74.6081,a,0.6887
MGM_AFA1_2ND.WAV,SPEAKER_00,74.6081,75.0602,i,0.6887
MGM_AFA1_2ND.WAV,SPEAKER_00,75.0602,75.5124,t,0.6887
MGM_AFA1_2ND.WAV,SPEAKER_00,75.5124,75.9646,a,0.6887
MGM_AFA1_2ND.WAV,SPEAKER_00,75.9646,76.4167,p,0.6887
MGM_AFA1_2ND.WAV,SPEAKER_00,76.4167,76.8689,l,0.6887
MGM_AFA1_2ND.WAV,SPEAKER_00,76.8689,77.3211,o,0.6887
MGM_AFA1_2ND.WAV,SPEAKER_00,77.3211,77.7733,t,0.6887
MGM_AFA1_2ND.WAV,SPEAKER_00,77.7733,78.2254,a,0.6887
MGM_AFA1_2ND.WAV,SPEAKER_00,78.2254,78.6776,p,0.6887
MGM_AFA1_2ND.WAV,SPEAKER_00,78.6776,79.1298,l,0.6887
MGM_AFA1_2ND.WAV,SPEAKER_00,79.1298,79.5819,o,0.6887
MGM_AFA1_2ND.WAV,SPEAKER_00,79.5819,80.0341,s,0.6887
MGM_AFA1_2ND.WAV,SPEAKER_00,80.0341,80.4863,p,0.6887
MGM_AFA1_2ND.WAV,SPEAKER_00,80.4863,80.9384,l,0.6887
MGM_AFA1_2ND.WAV,SPEAKER_00,80.9384,81.3906,?,0.34435
MGM_AFA1_2ND.WAV,SPEAKER_00,83.1993,83.6515,o,0.6887
MGM_AFA1_2ND.WAV,SPEAKER_00,83.6515,84.1036,i,0.6887
MGM_AFA1_2ND.WAV,SPEAKER_00,84.1036,84.5558,l,0.6887
MGM_AFA1_2ND.WAV,SPEAKER_00,84.5558,85.008,o,0.6887
MGM_AFA1_2ND.WAV,SPEAKER_00,85.008,85.4601,p,0.6887
MGM_AFA1_2ND.WAV,SPEAKER_00,85.4601,85.9123,l,0.6887
MGM_AFA1_2ND.WAV,SPEAKER_00,85.9123,86.3645,o,0.6887
MGM_AFA1_2ND.WAV,SPEAKER_00,86.3645,86.8167,p,0.6887
MGM_AFA1_2ND.WAV,SPEAKER_00,86.8167,87.2688,i,0.6887
MGM_AFA1_2ND.WAV,SPEAKER_00,87.2688,87.721,t,0.6543
MGM_AFA1_2ND.WAV,SPEAKER_00,87.721,88.1732,o,0.6887
MGM_AFA1_2ND.WAV,SPEAKER_00,88.1732,88.6253,a,0.6887
MGM_AFA1_2ND.WAV,SPEAKER_00,91.3384,91.7905,e,0.6887
MGM_AFA1_2ND.WAV,SPEAKER_00,91.7905,92.2427,n,0.6887
MGM_AFA1_2ND.WAV,SPEAKER_00,92.2427,92.6949,?,0.34435
MGM_AFA1_2ND.WAV,SPEAKER_00,92.6949,93.147,e,0.6887
MGM_AFA1_2ND.WAV,SPEAKER_00,93.147,93.5992,n,0.6887
MGM_AFA1_2ND.WAV,SPEAKER_00,93.5992,94.0514,?,0.34435
MGM_AFA1_2ND.WAV,SPEAKER_00,94.0514,94.5035,e,0.6887
MGM_AFA1_2ND.WAV,SPEAKER_00,94.5035,94.9557,n,0.6887
MGM_AFA1_2ND.WAV,SPEAKER_00,94.9557,95.4079,p,0.6543
MGM_AFA1_2ND.WAV,SPEAKER_00,95.4079,95.8601,e,0.6887
MGM_AFA1_2ND.WAV,SPEAKER_00,95.8601,96.3122,k,0.6543
MGM_AFA1_2ND.WAV,SPEAKER_00,96.3122,96.7644,p,0.6543
MGM_AFA1_2ND.WAV,SPEAKER_00,96.7644,97.2166,e,0.6887
MGM_AFA1_2ND.WAV,SPEAKER_00,97.2166,97.6687,k,0.6543
MGM_AFA1_2ND.WAV,SPEAKER_00,97.6687,98.1209,p,0.6543
MGM_AFA1_2ND.WAV,SPEAKER_00,98.1209,98.5731,e,0.6887
MGM_AFA1_2ND.WAV,SPEAKER_00,98.5731,99.0252,p,0.6543
MGM_AFA1_2ND.WAV,SPEAKER_00,99.0252,99.4774,e,0.6887
MGM_AFA1_2ND.WAV,SPEAKER_00,99.4774,99.9296,k,0.6543
MGM_AFA1_2ND.WAV,SPEAKER_00,99.9296,100.3818,p,0.6543
MGM_AFA1_2ND.WAV,SPEAKER_00,100.3818,100.8339,e,0.6887
MGM_AFA1_2ND.WAV,SPEAKER_00,100.8339,101.2861,k,0.6543
MGM_AFA1_2ND.WAV,SPEAKER_00,101.2861,101.7383,p,0.6543
MGM_AFA1_2ND.WAV,SPEAKER_00,101.7383,102.1904,k,0.6543
MGM_AFA1_2ND.WAV,SPEAKER_00,102.1904,102.6426,e,0.6887
MGM_AFA1_2ND.WAV,SPEAKER_00,102.6426,103.0948,p,0.6543
MGM_AFA1_2ND.WAV,SPEAKER_00,103.0948,103.5469,a,0.6887
MGM_AFA1_2ND.WAV,SPEAKER_00,103.5469,103.9991,ɹ,0.6543
MGM_AFA1_2ND.WAV,SPEAKER_00,103.9991,104.4513,t,0.6543
MGM_AFA1_2ND.WAV,SPEAKER_00,104.4513,104.9035,a,0.6887
MGM_AFA1_2ND.WAV,SPEAKER_00,104.9035,105.3556,t,0.6543
MGM_AFA1_2ND.WAV,SPEAKER_00,105.3556,105.8078,a,0.6887
MGM_AFA1_2ND.WAV,SPEAKER_00,105.8078,106.26,p,0.6887
MGM_AFA1_2ND.WAV,SPEAKER_00,106.26,106.7121,n,0.6887
MGM_AFA1_2ND.WAV,SPEAKER_00,106.7121,107.1643,p,0.6543
MGM_AFA1_2ND.WAV,SPEAKER_00,107.1643,107.6165,a,0.6887
MGM_AFA1_2ND.WAV,SPEAKER_00,107.6165,108.0686,k,0.6543
MGM_AFA1_2ND.WAV,SPEAKER_00,108.0686,108.5208,ɹ,0.6543
MGM_AFA1_2ND.WAV,SPEAKER_00,108.5208,108.973,t,0.6887
MGM_AFA1_2ND.WAV,SPEAKER_00,108.973,109.4252,?,0.34435
MGM_AFA1_2ND.WAV,SPEAKER_00,109.4252,109.8773,i,0.6887
MGM_AFA1_2ND.WAV,SPEAKER_00,109.8773,110.3295,m,0.6887
MGM_AFA1_2ND.WAV,SPEAKER_00,110.3295,110.7817,p,0.6887
MGM_AFA1_2ND.WAV,SPEAKER_00,110.7817,111.2338,l,0.6887
MGM_AFA1_2ND.WAV,SPEAKER_00,111.2338,111.686,ɹ,0.6543
MGM_AFA1_2ND.WAV,SPEAKER_00,111.686,112.1382,?,0.34435
MGM_AFA1_2ND.WAV,SPEAKER_00,112.1382,112.5903,i,0.6887
MGM_AFA1_2ND.WAV,SPEAKER_00,112.5903,113.0425,m,0.6887
MGM_AFA1_2ND.WAV,SPEAKER_00,113.0425,113.4947,a,0.6887
MGM_AFA1_2ND.WAV,SPEAKER_00,113.4947,113.9469,s,0.6887
MGM_AFA1_2ND.WAV,SPEAKER_00,113.9469,114.399,n,0.6887
MGM_AFA1_2ND.WAV,SPEAKER_00,114.399,114.8512,a,0.6887
MGM_AFA1_2ND.WAV,SPEAKER_00,114.8512,115.3034,t,0.6543
MGM_AFA1_2ND.WAV,SPEAKER_00,115.3034,115.7555,?,0.34435
MGM_AFA1_2ND.WAV,SPEAKER_00,117.112,117.5642,t,0.6543
MGM_AFA1_2ND.WAV,SPEAKER_00,117.5642,118.0164,a,0.6887
MGM_AFA1_2ND.WAV,SPEAKER_00,118.0164,118.4686,p,0.6543
MGM_AFA1_2ND.WAV,SPEAKER_00,120.2772,120.7294,m,0.6887
MGM_AFA1_2ND.WAV,SPEAKER_00,120.7294,121.1816,k,0.6543
MGM_AFA1_2ND.WAV,SPEAKER_00,121.1816,121.6337,ɹ,0.6543
MGM_AFA1_2ND.WAV,SPEAKER_00,121.6337,122.0859,i,0.6887
MGM_AFA1_2ND.WAV,SPEAKER_00,122.0859,122.5381,u,0.6887
MGM_AFA1_2ND.WAV,SPEAKER_00,123.4424,123.8946,n,0.6887
MGM_AFA1_2ND.WAV,SPEAKER_00,123.8946,124.3468,c,0.6543
MGM_AFA1_2ND.WAV,SPEAKER_00,124.3468,124.7989,a,0.6887
MGM_AFA1_2ND.WAV,SPEAKER_00,124.7989,125.2511,c,0.6543
MGM_AFA1_2ND.WAV,SPEAKER_00,137.4597,137.9119,o,0.6887
MGM_AFA1_2ND.WAV,SPEAKER_00,137.9119,138.364,ɹ,0.6543
MGM_AFA1_2ND.WAV,SPEAKER_00,138.364,138.8162,a,0.6887
MGM_AFA1_2ND.WAV,SPEAKER_00,138.8162,139.2684,?,0.34435
MGM_AFA1_2ND.WAV,SPEAKER_00,139.2684,139.7206,ɹ,0.6543
MGM_AFA1_2ND.WAV,SPEAKER_00,139.7206,140.1727,i,0.6887
MGM_AFA1_2ND.WAV,SPEAKER_00,140.1727,140.6249,a,0.6887
MGM_AFA1_2ND.WAV,SPEAKER_00,140.6249,141.0771,?,0.34435
MGM_AFA1_2ND.WAV,SPEAKER_00,141.0771,141.5292,ɹ,0.6543
MGM_AFA1_2ND.WAV,SPEAKER_00,141.5292,141.9814,i,0.6887
MGM_AFA1_2ND.WAV,SPEAKER_00,141.9814,142.4336,a,0.6887
MGM_AFA1_2ND.WAV,SPEAKER_00,144.2423,144.6944,e,0.6887
MGM_AFA1_2ND.WAV,SPEAKER_00,144.6944,145.1466,n,0.6887
MGM_AFA1_2ND.WAV,SPEAKER_00,145.1466,145.5988,a,0.6887
MGM_AFA1_2ND.WAV,SPEAKER_00,145.5988,146.0509,?,0.34435
MGM_AFA1_2ND.WAV,SPEAKER_00,146.0509,146.5031,n,0.6887
MGM_AFA1_2ND.WAV,SPEAKER_00,146.5031,146.9553,?,0.34435
MGM_AFA1_2ND.WAV,SPEAKER_00,146.9553,147.4074,n,0.6887
MGM_AFA1_2ND.WAV,SPEAKER_00,147.4074,147.8596,a,0.6887
MGM_AFA1_2ND.WAV,SPEAKER_00,149.6683,150.1205,?,0.34435
MGM_AFA1_2ND.WAV,SPEAKER_00,150.1205,150.5726,a,0.6887
MGM_AFA1_2ND.WAV,SPEAKER_00,150.5726,151.0248,p,0.6887
MGM_AFA1_2ND.WAV,SPEAKER_00,151.0248,151.477,?,0.34435
MGM_AFA1_2ND.WAV,SPEAKER_00,151.477,151.9291,?,0.34435
MGM_AFA1_2ND.WAV,SPEAKER_00,151.9291,152.3813,m,0.6887
MGM_AFA1_2ND.WAV,SPEAKER_00,152.3813,152.8335,i,0.6887
MGM_AFA1_2ND.WAV,SPEAKER_00,152.8335,153.2857,n,0.6887
MGM_AFA1_2ND.WAV,SPEAKER_00,153.2857,153.7378,a,0.6887
MGM_AFA1_2ND.WAV,SPEAKER_00,153.7378,154.19,m,0.6887
MGM_AFA1_2ND.WAV,SPEAKER_00,154.19,154.6422,n,0.6887
MGM_AFA1_2ND.WAV,SPEAKER_00,154.6422,155.0943,u,0.6887
MGM_AFA1_2ND.WAV,SPEAKER_00,155.0943,155.5465,?,0.34435
MGM_AFA1_2ND.WAV,SPEAKER_00,155.5465,155.9987,p,0.6543
MGM_AFA1_2ND.WAV,SPEAKER_00,155.9987,156.4508,?,0.34435
MGM_AFA1_2ND.WAV,SPEAKER_00,156.4508,156.903,l,0.6887
MGM_AFA1_2ND.WAV,SPEAKER_00,156.903,157.3552,t,0.6543
MGM_AFA1_2ND.WAV,SPEAKER_00,157.3552,157.8074,?,0.34435
MGM_AFA1_2ND.WAV,SPEAKER_00,157.8074,158.2595,c,0.6543
MGM_AFA1_2ND.WAV,SPEAKER_00,161.8769,162.3291,?,0.34435
MGM_AFA1_2ND.WAV,SPEAKER_00,162.3291,162.7812,ɹ,0.6543
MGM_AFA1_2ND.WAV,SPEAKER_00,162.7812,163.2334,p,0.6887
MGM_AFA1_2ND.WAV,SPEAKER_00,163.2334,163.6856,a,0.6887
MGM_AFA1_2ND.WAV,SPEAKER_00,163.6856,164.1377,ɹ,0.6543
MGM_AFA1_2ND.WAV,SPEAKER_00,164.1377,164.5899,p,0.6887
MGM_AFA1_2ND.WAV,SPEAKER_00,164.5899,165.0421,a,0.6887
MGM_AFA1_2ND.WAV,SPEAKER_00,165.0421,165.4942,ɹ,0.6543
MGM_AFA1_2ND.WAV,SPEAKER_00,165.4942,165.9464,p,0.6887
MGM_AFA1_2ND.WAV,SPEAKER_00,165.9464,166.3986,a,0.6887
MGM_AFA1_2ND.WAV,SPEAKER_00,166.3986,166.8508,ɹ,0.6543
MGM_AFA1_2ND.WAV,SPEAKER_00,166.8508,167.3029,?,0.34435
MGM_AFA1_2ND.WAV,SPEAKER_00,167.3029,167.7551,e,0.6887
MGM_AFA1_2ND.WAV,SPEAKER_00,167.7551,168.2073,n,0.6887
MGM_AFA1_2ND.WAV,SPEAKER_00,170.4681,170.9203,n,0.6887
MGM_AFA1_2ND.WAV,SPEAKER_00,170.9203,171.3725,c,0.6543
MGM_AFA1_2ND.WAV,SPEAKER_00,171.3725,171.8246,a,0.6887
MGM_AFA1_2ND.WAV,SPEAKER_00,171.8246,172.2768,i,0.6887
MGM_AFA1_2ND.WAV,SPEAKER_00,175.442,175.8942,e,0.6887
MGM_AFA1_2ND.WAV,SPEAKER_00,175.8942,176.3463,n,0.6887
MGM_AFA1_2ND.WAV,SPEAKER_00,176.3463,176.7985,c,0.6543
MGM_AFA1_2ND.WAV,SPEAKER_00,176.7985,177.2507,a,0.6887
MGM_AFA1_2ND.WAV,SPEAKER_00,177.2507,177.7028,i,0.6887
MGM_AFA1_2ND.WAV,SPEAKER_00,177.7028,178.155,e,0.6887
MGM_AFA1_2ND.WAV,SPEAKER_00,178.155,178.6072,p,0.6543
MGM_AFA1_2ND.WAV,SPEAKER_00,178.6072,179.0593,e,0.6887
MGM_AFA1_2ND.WAV,SPEAKER_00,179.0593,179.5115,ɹ,0.6543
MGM_AFA1_2ND.WAV,SPEAKER_00,179.5115,179.9637,c,0.6543
MGM_AFA1_2ND.WAV,SPEAKER_00,179.9637,180.4159,e,0.6887
MGM_AFA1_2ND.WAV,SPEAKER_00,181.7724,182.2245,o,0.6887
MGM_AFA1_2ND.WAV,SPEAKER_00,184.9376,185.3897,ɹ,0.6543
MGM_AFA1_2ND.WAV,SPEAKER_00,185.3897,185.8419,?,0.34435
MGM_AFA1_2ND.WAV,SPEAKER_00,185.8419,186.2941,t,0.6887
MGM_AFA1_2ND.WAV,SPEAKER_00,186.2941,186.7462,n,0.6887
MGM_AFA1_2ND.WAV,SPEAKER_00,186.7462,187.1984,p,0.6887
MGM_AFA1_2ND.WAV,SPEAKER_00,187.1984,187.6506,?,0.34435
MGM_AFA1_2ND.WAV,SPEAKER_00,187.6506,188.1027,?,0.34435
MGM_AFA1_2ND.WAV,SPEAKER_00,188.1027,188.5549,c,0.6543
MGM_AFA1_2ND.WAV,SPEAKER_00,188.5549,189.0071,a,0.6887
MGM_AFA1_2ND.WAV,SPEAKER_00,192.1723,192.6245,?,0.34435
MGM_AFA1_2ND.WAV,SPEAKER_00,197.1462,197.5983,a,0.6887
MGM_AFA1_2ND.WAV,SPEAKER_00,197.5983,198.0505,i,0.6887
MGM_AFA1_2ND.WAV,SPEAKER_00,198.0505,198.5027,p,0.6887
MGM_AFA1_2ND.WAV,SPEAKER_00,198.5027,198.9548,t,0.6543
MGM_AFA1_2ND.WAV,SPEAKER_00,198.9548,199.407,?,0.34435
MGM_AFA1_2ND.WAV,SPEAKER_00,199.407,199.8592,?,0.34435
MGM_AFA1_2ND.WAV,SPEAKER_00,199.8592,200.3113,t,0.6543
MGM_AFA1_2ND.WAV,SPEAKER_00,200.3113,200.7635,o,0.6887
MGM_AFA1_2ND.WAV,SPEAKER_00,200.7635,201.2157,p,0.6887
MGM_AFA1_2ND.WAV,SPEAKER_00,201.2157,201.6679,ɹ,0.6543
MGM_AFA1_2ND.WAV,SPEAKER_00,201.6679,202.12,?,0.34435
MGM_AFA1_2ND.WAV,SPEAKER_00,202.12,202.5722,p,0.6887
MGM_AFA1_2ND.WAV,SPEAKER_00,202.5722,203.0244,a,0.6887
MGM_AFA1_2ND.WAV,SPEAKER_00,203.0244,203.4765,ɹ,0.6543
MGM_AFA1_2ND.WAV,SPEAKER_00,203.4765,203.9287,m,0.6887
MGM_AFA1_2ND.WAV,SPEAKER_00,203.9287,204.3809,?,0.34435
MGM_AFA1_2ND.WAV,SPEAKER_00,204.3809,204.833,n,0.6887
MGM_AFA1_2ND.WAV,SPEAKER_00,204.833,205.2852,t,0.6543
MGM_AFA1_2ND.WAV,SPEAKER_00,205.2852,205.7374,u,0.6887
MGM_AFA1_2ND.WAV,SPEAKER_00,205.7374,206.1896,i,0.6887
MGM_AFA1_2ND.WAV,SPEAKER_00,206.1896,206.6417,m,0.6887
MGM_AFA1_2ND.WAV,SPEAKER_00,206.6417,207.0939,a,0.6887
MGM_AFA1_2ND.WAV,SPEAKER_00,207.0939,207.5461,p,0.6887
MGM_AFA1_2ND.WAV,SPEAKER_00,207.5461,207.9982,a,0.6887
MGM_AFA1_2ND.WAV,SPEAKER_00,208.9026,209.3547,c,0.6543
MGM_AFA1_2ND.WAV,SPEAKER_00,209.3547,209.8069,m,0.6887
MGM_AFA1_2ND.WAV,SPEAKER_00,209.8069,210.2591,u,0.6887
MGM_AFA1_2ND.WAV,SPEAKER_00,210.2591,210.7113,n,0.6887
MGM_AFA1_2ND.WAV,SPEAKER_00,210.7113,211.1634,t,0.6887
MGM_AFA1_2ND.WAV,SPEAKER_00,211.1634,211.6156,a,0.6887
MGM_AFA1_2ND.WAV,SPEAKER_00,211.6156,212.0678,m,0.6887
MGM_AFA1_2ND.WAV,SPEAKER_00,212.0678,212.5199,?,0.34435
MGM_AFA1_2ND.WAV,SPEAKER_00,212.5199,212.9721,n,0.6887
MGM_AFA1_2ND.WAV,SPEAKER_00,212.9721,213.4243,m,0.6887
MGM_AFA1_2ND.WAV,SPEAKER_00,213.4243,213.8764,?,0.34435
MGM_AFA1_2ND.WAV,SPEAKER_00,213.8764,214.3286,n,0.6887
MGM_AFA1_2ND.WAV,SPEAKER_00,219.3025,219.7547,?,0.34435
MGM_AFA1_2ND.WAV,SPEAKER_00,219.7547,220.2068,t,0.6543
MGM_AFA1_2ND.WAV,SPEAKER_00,220.2068,220.659,t,0.6887
MGM_AFA1_2ND.WAV,SPEAKER_00,220.659,221.1112,?,0.34435
MGM_AFA1_2ND.WAV,SPEAKER_00,221.1112,221.5633,m,0.6887
MGM_AFA1_2ND.WAV,SPEAKER_00,222.0155,222.4677,ɹ,0.6543
MGM_AFA1_2ND.WAV,SPEAKER_00,222.4677,222.9198,i,0.6887
MGM_AFA1_2ND.WAV,SPEAKER_00,222.9198,223.372,n,0.6887
MGM_AFA1_2ND.WAV,SPEAKER_00,223.372,223.8242,?,0.34435
MGM_AFA1_2ND.WAV,SPEAKER_00,223.8242,224.2764,n,0.6887
MGM_AFA1_2ND.WAV,SPEAKER_00,224.2764,224.7285,t,0.6887
MGM_AFA1_2ND.WAV,SPEAKER_00,225.1807,225.6329,?,0.34435
MGM_AFA1_2ND.WAV,SPEAKER_00,226.5372,226.9894,t,0.6887
MGM_AFA1_2ND.WAV,SPEAKER_00,226.9894,227.4415,o,0.6887
MGM_AFA1_2ND.WAV,SPEAKER_00,227.4415,227.8937,a,0.6887
MGM_AFA1_2ND.WAV,SPEAKER_00,227.8937,228.3459,c,0.6543
MGM_AFA1_2ND.WAV,SPEAKER_00,228.3459,228.7981,a,0.6887
MGM_AFA1_2ND.WAV,SPEAKER_00,228.7981,229.2502,e,0.6887
MGM_AFA1_2ND.WAV,SPEAKER_00,233.3198,233.7719,?,0.34435
MGM_AFA1_2ND.WAV,SPEAKER_00,234.2241,234.6763,a,0.6887
MGM_AFA1_2ND.WAV,SPEAKER_00,234.6763,235.1284,?,0.34435
MGM_AFA1_2ND.WAV,SPEAKER_00,235.1284,235.5806,u,0.6887
MGM_AFA1_2ND.WAV,SPEAKER_00,235.5806,236.0328,t,0.6543
MGM_AFA1_2ND.WAV,SPEAKER_00,236.0328,236.4849,?,0.34435
MGM_AFA1_2ND.WAV,SPEAKER_00,236.4849,236.9371,n,0.6887
MGM_AFA1_2ND.WAV,SPEAKER_00,236.9371,237.3893,i,0.6887
MGM_AFA1_2ND.WAV,SPEAKER_00,237.3893,237.8415,a,0.6887
MGM_AFA1_2ND.WAV,SPEAKER_00,237.8415,238.2936,?,0.34435
MGM_AFA1_2ND.WAV,SPEAKER_00,238.2936,238.7458,t,0.6887
MGM_AFA1_2ND.WAV,SPEAKER_00,241.4588,241.911,c,0.6543
MGM_AFA1_2ND.WAV,SPEAKER_00,241.911,242.3632,u,0.6887
MGM_AFA1_2ND.WAV,SPEAKER_00,242.3632,242.8153,t,0.6543
MGM_AFA1_2ND.WAV,SPEAKER_00,242.8153,243.2675,t,0.6887
MGM_AFA1_2ND.WAV,SPEAKER_00,243.2675,243.7197,a,0.6887
MGM_AFA1_2ND.WAV,SPEAKER_00,243.7197,244.1718,n,0.6887
MGM_AFA1_2ND.WAV,SPEAKER_00,244.1718,244.624,k,0.6887
MGM_AFA1_2ND.WAV,SPEAKER_00,244.624,245.0762,u,0.6887
MGM_AFA1_2ND.WAV,SPEAKER_00,245.0762,245.5283,t,0.6543
MGM_AFA1_2ND.WAV,SPEAKER_00,245.5283,245.9805,t,0.6887
MGM_AFA1_2ND.WAV,SPEAKER_00,245.9805,246.4327,a,0.6887
MGM_AFA1_2ND.WAV,SPEAKER_00,246.4327,246.8849,n,0.6887
MGM_AFA1_2ND.WAV,SPEAKER_00,246.8849,247.337,p,0.6887
MGM_AFA1_2ND.WAV,SPEAKER_00,247.337,247.7892,?,0.34435
MGM_AFA1_2ND.WAV,SPEAKER_00,247.7892,248.2414,k,0.6887
MGM_AFA1_2ND.WAV,SPEAKER_00,248.2414,248.6935,t,0.6887
MGM_AFA1_2ND.WAV,SPEAKER_00,248.6935,249.1457,n,0.6887
MGM_AFA1_2ND.WAV,SPEAKER_00,249.1457,249.5979,a,0.6887
MGM_AFA1_2ND.WAV,SPEAKER_00,249.5979,250.05,p,0.6887
MGM_AFA1_2ND.WAV,SPEAKER_00,250.05,250.5022,?,0.34435
MGM_AFA1_2ND.WAV,SPEAKER_00,250.5022,250.9544,k,0.6887
MGM_AFA1_2ND.WAV,SPEAKER_00,250.9544,251.4066,t,0.6887
MGM_AFA1_2ND.WAV,SPEAKER_00,251.4066,251.8587,n,0.6887
MGM_AFA1_2ND.WAV,SPEAKER_00,251.8587,252.3109,p,0.6887
MGM_AFA1_2ND.WAV,SPEAKER_00,252.3109,252.7631,?,0.34435
MGM_AFA1_2ND.WAV,SPEAKER_00,252.7631,253.2152,k,0.6887
MGM_AFA1_2ND.WAV,SPEAKER_00,253.2152,253.6674,p,0.6543
MGM_AFA1_2ND.WAV,SPEAKER_00,253.6674,254.1196,?,0.34435
MGM_AFA1_2ND.WAV,SPEAKER_00,254.1196,254.5718,n,0.6887
MGM_AFA1_2ND.WAV,SPEAKER_00,254.5718,255.0239,c,0.6543
MGM_AFA1_2ND.WAV,SPEAKER_00,256.3804,256.8326,a,0.6887
MGM_AFA1_2ND.WAV,SPEAKER_00,256.8326,257.2848,ɹ,0.6543
MGM_AFA1_2ND.WAV,SPEAKER_00,257.2848,257.7369,n,0.6887
MGM_AFA1_2ND.WAV,SPEAKER_00,257.7369,258.1891,ɹ,0.6543
MGM_AFA1_2ND.WAV,SPEAKER_00,258.1891,258.6413,a,0.6887
MGM_AFA1_2ND.WAV,SPEAKER_00,258.6413,259.0935,p,0.6887
MGM_AFA1_2ND.WAV,SPEAKER_00,259.0935,259.5456,ɹ,0.6543
MGM_AFA1_2ND.WAV,SPEAKER_00,259.5456,259.9978,a,0.6887
MGM_AFA1_2ND.WAV,SPEAKER_00,259.9978,260.45,k,0.6543
MGM_AFA1_2ND.WAV,SPEAKER_00,260.45,260.9021,n,0.6887
MGM_AFA1_2ND.WAV,SPEAKER_00,260.9021,261.3543,c,0.6543
MGM_AFA1_2ND.WAV,SPEAKER_00,261.3543,261.8065,a,0.6887
MGM_AFA1_2ND.WAV,SPEAKER_00,261.8065,262.2586,i,0.6887
MGM_AFA1_2ND.WAV,SPEAKER_00,262.2586,262.7108,p,0.6887
MGM_AFA1_2ND.WAV,SPEAKER_00,262.7108,263.163,ɹ,0.6543
MGM_AFA1_2ND.WAV,SPEAKER_00,263.163,263.6152,a,0.6887
MGM_AFA1_2ND.WAV,SPEAKER_00,263.6152,264.0673,k,0.6543
MGM_AFA1_2ND.WAV,SPEAKER_00,264.0673,264.5195,e,0.6887
MGM_AFA1_2ND.WAV,SPEAKER_00,264.5195,264.9717,n,0.6887
MGM_AFA1_2ND.WAV,SPEAKER_00,264.9717,265.4238,c,0.6543
MGM_AFA1_2ND.WAV,SPEAKER_00,265.4238,265.876,a,0.6887
MGM_AFA1_2ND.WAV,SPEAKER_00,265.876,266.3282,i,0.6887
MGM_AFA1_2ND.WAV,SPEAKER_00,266.3282,266.7803,p,0.6887
MGM_AFA1_2ND.WAV,SPEAKER_00,266.7803,267.2325,ɹ,0.6543
MGM_AFA1_2ND.WAV,SPEAKER_00,267.2325,267.6847,k,0.6543
MGM_AFA1_2ND.WAV,SPEAKER_00,267.6847,268.1369,e,0.6887
MGM_AFA1_2ND.WAV,SPEAKER_00,268.1369,268.589,n,0.6887
MGM_AFA1_2ND.WAV,SPEAKER_00,269.0412,269.4934,a,0.6887
MGM_AFA1_2ND.WAV,SPEAKER_00,269.4934,269.9455,i,0.6887
MGM_AFA1_2ND.WAV,SPEAKER_00,269.9455,270.3977,c,0.6543
MGM_AFA1_2ND.WAV,SPEAKER_00,270.3977,270.8499,o,0.6887
MGM_AFA1_2ND.WAV,SPEAKER_00,275.8237,276.2759,u,0.6887
MGM_AFA1_2ND.WAV,SPEAKER_00,276.2759,276.7281,ɹ,0.6543
MGM_AFA1_2ND.WAV,SPEAKER_00,276.7281,277.1803,m,0.6887
MGM_AFA1_2ND.WAV,SPEAKER_00,277.1803,277.6324,i,0.6887
MGM_AFA1_2ND.WAV,SPEAKER_00,277.6324,278.0846,?,0.34435
MGM_AFA1_2ND.WAV,SPEAKER_00,278.0846,278.5368,u,0.6887
MGM_AFA1_2ND.WAV,SPEAKER_00,278.5368,278.9889,m,0.6887
MGM_AFA1_2ND.WAV,SPEAKER_00,278.9889,279.4411,a,0.6887
MGM_AFA1_2ND.WAV,SPEAKER_00,279.4411,279.8933,n,0.6887
MGM_AFA1_2ND.WAV,SPEAKER_00,279.8933,280.3454,ɹ,0.6543
MGM_AFA1_2ND.WAV,SPEAKER_00,280.3454,280.7976,e,0.6887
MGM_AFA1_2ND.WAV,SPEAKER_00,280.7976,281.2498,ɹ,0.6543
MGM_AFA1_2ND.WAV,SPEAKER_00,281.2498,281.702,n,0.6887
MGM_AFA1_2ND.WAV,SPEAKER_00,281.702,282.1541,t,0.6887
MGM_AFA1_2ND.WAV,SPEAKER_00,282.1541,282.6063,a,0.6887
MGM_AFA1_2ND.WAV,SPEAKER_00,284.415,284.8671,a,0.6887
MGM_AFA1_2ND.WAV,SPEAKER_00,284.8671,285.3193,p,0.6543
MGM_AFA1_2ND.WAV,SPEAKER_00,286.6758,287.128,m,0.6887
MGM_AFA1_2ND.WAV,SPEAKER_00,288.0323,288.4845,a,0.6887
MGM_AFA1_2ND.WAV,SPEAKER_00,288.4845,288.9367,s,0.6887
MGM_AFA1_2ND.WAV,SPEAKER_00,288.9367,289.3888,e,0.6887
MGM_AFA1_2ND.WAV,SPEAKER_00,289.3888,289.841,n,0.6887
MGM_AFA1_2ND.WAV,SPEAKER_00,289.841,290.2932,i,0.6887
MGM_AFA1_2ND.WAV,SPEAKER_00,290.2932,290.7454,p,0.6887
MGM_AFA1_2ND.WAV,SPEAKER_00,290.7454,291.1975,a,0.6887
MGM_AFA1_2ND.WAV,SPEAKER_00,291.1975,291.6497,t,0.6543
MGM_AFA1_2ND.WAV,SPEAKER_00,291.6497,292.1019,ɹ,0.6543
MGM_AFA1_2ND.WAV,SPEAKER_00,292.1019,292.554,?,0.34435
MGM_AFA1_2ND.WAV,SPEAKER_00,292.554,293.0062,i,0.6887
MGM_AFA1_2ND.WAV,SPEAKER_00,293.0062,293.4584,?,0.34435
MGM_AFA1_2ND.WAV,SPEAKER_00,293.4584,293.9105,u,0.6887
MGM_AFA1_2ND.WAV,SPEAKER_00,293.9105,294.3627,ɹ,0.6543
MGM_AFA1_2ND.WAV,SPEAKER_00,294.3627,294.8149,a,0.6887
MGM_AFA1_2ND.WAV,SPEAKER_00,297.0757,297.5279,a,0.6887
MGM_AFA1_2ND.WAV,SPEAKER_00,297.5279,297.9801,a,0.6887
MGM_AFA1_2ND.WAV,SPEAKER_00,297.9801,298.4322,ɹ,0.6543
MGM_AFA1_2ND.WAV,SPEAKER_00,298.4322,298.8844,t,0.6543
MGM_AFA1_2ND.WAV,SPEAKER_00,298.8844,299.3366,a,0.6887
MGM_AFA1_2ND.WAV,SPEAKER_00,299.3366,299.7888,n,0.6887
MGM_AFA1_2ND.WAV,SPEAKER_00,299.7888,300.2409,k,0.6887
MGM_AFA1_2ND.WAV,SPEAKER_00,309.2843,309.7365,m,0.6887
MGM_AFA1_2ND.WAV,SPEAKER_00,309.7365,310.1887,?,0.34435
MGM_AFA1_2ND.WAV,SPEAKER_00,310.1887,310.6408,t,0.6887
MGM_AFA1_2ND.WAV,SPEAKER_00,310.6408,311.093,a,0.6887
MGM_AFA1_2ND.WAV,SPEAKER_00,311.093,311.5452,k,0.6887
MGM_AFA1_2ND.WAV,SPEAKER_00,315.1625,315.6147,a,0.6887
MGM_AFA1_2ND.WAV,SPEAKER_00,315.6147,316.0669,n,0.6887
MGM_AFA1_2ND.WAV,SPEAKER_00,318.3277,318.7799,n,0.6887
MGM_AFA1_2ND.WAV,SPEAKER_00,321.4929,321.9451,k,0.6887
MGM_AFA1_2ND.WAV,SPEAKER_00,321.9451,322.3973,?,0.34435
MGM_AFA1_2ND.WAV,SPEAKER_00,322.3973,322.8494,?,0.34435
MGM_AFA1_2ND.WAV,SPEAKER_00,323.3016,323.7538,ɹ,0.6543
MGM_AFA1_2ND.WAV,SPEAKER_00,323.7538,324.2059,c,0.6543
MGM_AFA1_2ND.WAV,SPEAKER_00,324.2059,324.6581,?,0.34435
MGM_AFA1_2ND.WAV,SPEAKER_00,324.6581,325.1103,c,0.6543
MGM_AFA1_2ND.WAV,SPEAKER_00,325.1103,325.5625,t,0.6887
MGM_AFA1_2ND.WAV,SPEAKER_00,326.4668,326.919,c,0.6543
MGM_AFA1_2ND.WAV,SPEAKER_00,327.8233,328.2755,c,0.6543
MGM_AFA1_2ND.WAV,SPEAKER_00,328.2755,328.7276,a,0.6887
MGM_AFA1_2ND.WAV,SPEAKER_00,328.7276,329.1798,l,0.6887
MGM_AFA1_2ND.WAV,SPEAKER_00,329.1798,329.632,?,0.34435
MGM_AFA1_2ND.WAV,SPEAKER_00,329.632,330.0842,a,0.6887
MGM_AFA1_2ND.WAV,SPEAKER_00,334.6059,335.058,c,0.6543
MGM_AFA1_2ND.WAV,SPEAKER_00,335.058,335.5102,?,0.34435
MGM_AFA1_2ND.WAV,SPEAKER_00,335.5102,335.9624,n,0.6887
MGM_AFA1_2ND.WAV,SPEAKER_00,335.9624,336.4145,a,0.6887
MGM_AFA1_2ND.WAV,SPEAKER_00,336.4145,336.8667,p,0.6887
MGM_AFA1_2ND.WAV,SPEAKER_00,340.4841,340.9362,h,0.6887
MGM_AFA1_2ND.WAV,SPEAKER_00,340.9362,341.3884,u,0.6887
MGM_AFA1_2ND.WAV,SPEAKER_00,341.3884,341.8406,t,0.6543
MGM_AFA1_2ND.WAV,SPEAKER_00,341.8406,342.2927,?,0.34435
MGM_AFA1_2ND.WAV,SPEAKER_00,342.2927,342.7449,s,0.6543
MGM_AFA1_2ND.WAV,SPEAKER_00,342.7449,343.1971,?,0.34435
MGM_AFA1_2ND.WAV,SPEAKER_00,343.1971,343.6493,n,0.6887
MGM_AFA1_2ND.WAV,SPEAKER_00,343.6493,344.1014,p,0.6887
MGM_AFA1_2ND.WAV,SPEAKER_00,344.1014,344.5536,a,0.6887
MGM_AFA1_2ND.WAV,SPEAKER_00,346.8144,347.2666,p,0.6543
MGM_AFA1_2ND.WAV,SPEAKER_00,347.2666,347.7188,k,0.6887
MGM_AFA1_2ND.WAV,SPEAKER_00,347.7188,348.171,a,0.6887
MGM_AFA1_2ND.WAV,SPEAKER_00,348.171,348.6231,i,0.6887
MGM_AFA1_2ND.WAV,SPEAKER_00,348.6231,349.0753,p,0.6887
MGM_AFA1_2ND.WAV,SPEAKER_00,349.0753,349.5275,t,0.6543
MGM_AFA1_2ND.WAV,SPEAKER_00,355.8578,356.31,u,0.6887
MGM_AFA1_2ND.WAV,SPEAKER_00,356.31,356.7622,ɹ,0.6543
MGM_AFA1_2ND.WAV,SPEAKER_00,356.7622,357.2144,?,0.34435
MGM_AFA1_2ND.WAV,SPEAKER_00,357.2144,357.6665,?,0.34435
MGM_AFA1_2ND.WAV,SPEAKER_00,363.0926,363.5447,n,0.6887
MGM_AFA1_2ND.WAV,SPEAKER_00,363.5447,363.9969,m,0.6887
MGM_AFA1_2ND.WAV,SPEAKER_00,363.9969,364.4491,a,0.6887
MGM_AFA1_2ND.WAV,SPEAKER_00,367.6143,368.0664,p,0.6887
MGM_AFA1_2ND.WAV,SPEAKER_00,368.0664,368.5186,t,0.6543
MGM_AFA1_2ND.WAV,SPEAKER_00,368.5186,368.9708,u,0.6887
MGM_AFA1_2ND.WAV,SPEAKER_00,368.9708,369.4229,i,0.6887
MGM_AFA1_2ND.WAV,SPEAKER_00,369.4229,369.8751,m,0.6887
MGM_AFA1_2ND.WAV,SPEAKER_00,369.8751,370.3273,k,0.6887
MGM_AFA1_2ND.WAV,SPEAKER_00,376.6577,377.1098,i,0.6887
MGM_AFA1_2ND.WAV,SPEAKER_00,377.1098,377.562,a,0.6887
MGM_AFA1_2ND.WAV,SPEAKER_00,377.562,378.0142,p,0.6887
MGM_AFA1_2ND.WAV,SPEAKER_00,380.275,380.7272,?,0.34435
MGM_AFA1_2ND.WAV,SPEAKER_00,380.7272,381.1794,ɹ,0.6543
MGM_AFA1_2ND.WAV,SPEAKER_00,381.1794,381.6315,?,0.34435
MGM_AFA1_2ND.WAV,SPEAKER_00,381.6315,382.0837,ɹ,0.6543
MGM_AFA1_2ND.WAV,SPEAKER_00,382.0837,382.5359,e,0.6887
MGM_AFA1_2ND.WAV,SPEAKER_00,382.5359,382.9881,n,0.6887
MGM_AFA1_2ND.WAV,SPEAKER_00,382.9881,383.4402,p,0.6887
MGM_AFA1_2ND.WAV,SPEAKER_00,383.4402,383.8924,u,0.6887
MGM_AFA1_2ND.WAV,SPEAKER_00,383.8924,384.3446,ɹ,0.6543
MGM_AFA1_2ND.WAV,SPEAKER_00,384.3446,384.7967,e,0.6887
MGM_AFA1_2ND.WAV,SPEAKER_00,386.6054,387.0576,e,0.6887
MGM_AFA1_2ND.WAV,SPEAKER_00,387.0576,387.5098,n,0.6887
MGM_AFA1_2ND.WAV,SPEAKER_00,387.5098,387.9619,?,0.34435
MGM_AFA1_2ND.WAV,SPEAKER_00,391.1271,391.5793,e,0.6887
MGM_AFA1_2ND.WAV,SPEAKER_00,391.5793,392.0315,n,0.6887
MGM_AFA1_2ND.WAV,SPEAKER_00,392.0315,392.4836,l,0.6887
MGM_AFA1_2ND.WAV,SPEAKER_00,392.4836,392.9358,a,0.6887
MGM_AFA1_2ND.WAV,SPEAKER_00,392.9358,393.388,t,0.6887
MGM_AFA1_2ND.WAV,SPEAKER_00,393.388,393.8401,o,0.6887
MGM_AFA1_2ND.WAV,SPEAKER_00,393.8401,394.2923,t,0.6887
MGM_AFA1_2ND.WAV,SPEAKER_00,394.2923,394.7445,a,0.6887
MGM_AFA1_2ND.WAV,SPEAKER_00,394.7445,395.1966,t,0.6887
MGM_AFA1_2ND.WAV,SPEAKER_00,395.1966,395.6488,o,0.6887
MGM_AFA1_2ND.WAV,SPEAKER_00,395.6488,396.101,t,0.6543
MGM_AFA1_2ND.WAV,SPEAKER_00,402.4314,402.8835,t,0.6887
MGM_AFA1_2ND.WAV,SPEAKER_00,402.8835,403.3357,u,0.6887
MGM_AFA1_2ND.WAV,SPEAKER_00,403.3357,403.7879,a,0.6887
MGM_AFA1_2ND.WAV,SPEAKER_00,403.7879,404.24,t,0.6887
MGM_AFA1_2ND.WAV,SPEAKER_00,404.24,404.6922,u,0.6887
MGM_AFA1_2ND.WAV,SPEAKER_00,404.6922,405.1444,a,0.6887
MGM_AFA1_2ND.WAV,SPEAKER_00,405.1444,405.5966,t,0.6887
MGM_AFA1_2ND.WAV,SPEAKER_00,405.5966,406.0487,u,0.6887
MGM_AFA1_2ND.WAV,SPEAKER_00,406.0487,406.5009,c,0.6543
MGM_AFA1_2ND.WAV,SPEAKER_00,406.5009,406.9531,o,0.6887
MGM_AFA1_2ND.WAV,SPEAKER_00,406.9531,407.4052,p,0.6543
MGM_AFA1_2ND.WAV,SPEAKER_00,407.4052,407.8574,l,0.6887
MGM_AFA1_2ND.WAV,SPEAKER_00,407.8574,408.3096,n,0.6887
MGM_AFA1_2ND.WAV,SPEAKER_00,408.3096,408.7617,k,0.6887
MGM_AFA1_2ND.WAV,SPEAKER_00,408.7617,409.2139,o,0.6887
MGM_AFA1_2ND.WAV,SPEAKER_00,409.2139,409.6661,u,0.6887
MGM_AFA1_2ND.WAV,SPEAKER_00,409.6661,410.1183,n,0.6887
MGM_AFA1_2ND.WAV,SPEAKER_00,410.1183,410.5704,o,0.6887
MGM_AFA1_2ND.WAV,SPEAKER_00,410.5704,411.0226,u,0.6887
MGM_AFA1_2ND.WAV,SPEAKER_00,411.0226,411.4748,n,0.6887
MGM_AFA1_2ND.WAV,SPEAKER_00,411.4748,411.9269,k,0.6887
MGM_AFA1_2ND.WAV,SPEAKER_00,411.9269,412.3791,o,0.6887
MGM_AFA1_2ND.WAV,SPEAKER_00,412.3791,412.8313,u,0.6887
MGM_AFA1_2ND.WAV,SPEAKER_00,412.8313,413.2834,n,0.6887
MGM_AFA1_2ND.WAV,SPEAKER_00,413.2834,413.7356,k,0.6887
MGM_AFA1_2ND.WAV,SPEAKER_00,413.7356,414.1878,o,0.6887
MGM_AFA1_2ND.WAV,SPEAKER_00,414.1878,414.64,u,0.6887
MGM_AFA1_2ND.WAV,SPEAKER_00,414.64,415.0921,n,0.6887
MGM_AFA1_2ND.WAV,SPEAKER_00,415.0921,415.5443,k,0.6887
MGM_AFA1_2ND.WAV,SPEAKER_00,416.9008,417.353,k,0.6887
MGM_AFA1_2ND.WAV,SPEAKER_00,417.353,417.8051,o,0.6887
MGM_AFA1_2ND.WAV,SPEAKER_00,417.8051,418.2573,t,0.6887
MGM_AFA1_2ND.WAV,SPEAKER_00,424.5877,425.0399,t,0.6543
MGM_AFA1_2ND.WAV,SPEAKER_00,425.0399,425.492,e,0.6887
MGM_AFA1_2ND.WAV,SPEAKER_00,425.492,425.9442,n,0.6887
MGM_AFA1_2ND.WAV,SPEAKER_00,428.2051,428.6572,t,0.6887
MGM_AFA1_2ND.WAV,SPEAKER_00,428.6572,429.1094,a,0.6887
MGM_AFA1_2ND.WAV,SPEAKER_00,429.1094,429.5616,n,0.6887
MGM_AFA1_2ND.WAV,SPEAKER_00,429.5616,430.0137,t,0.6543
MGM_AFA1_2ND.WAV,SPEAKER_00,435.4398,435.8919,t,0.6887
MGM_AFA1_2ND.WAV,SPEAKER_00,435.8919,436.3441,c,0.6543
MGM_AFA1_2ND.WAV,SPEAKER_00,438.605,439.0571,p,0.6887
MGM_AFA1_2ND.WAV,SPEAKER_00,439.0571,439.5093,n,0.6887
MGM_AFA1_2ND.WAV,SPEAKER_00,439.5093,439.9615,?,0.34435
MGM_AFA1_2ND.WAV,SPEAKER_00,439.9615,440.4136,i,0.6887
MGM_AFA1_2ND.WAV,SPEAKER_00,440.4136,440.8658,n,0.6887
MGM_AFA1_2ND.WAV,SPEAKER_00,442.6745,443.1267,p,0.6887
MGM_AFA1_2ND.WAV,SPEAKER_00,443.1267,443.5788,i,0.6887
MGM_AFA1_2ND.WAV,SPEAKER_00,443.5788,444.031,e,0.6887
MGM_AFA1_2ND.WAV,SPEAKER_00,448.5527,449.0049,n,0.6887
MGM_AFA1_2ND.WAV,SPEAKER_00,449.0049,449.4571,n,0.6887
MGM_AFA1_2ND.WAV,SPEAKER_00,449.4571,449.9092,u,0.6887
MGM_AFA1_2ND.WAV,SPEAKER_00,449.9092,450.3614,c,0.6543
MGM_AFA1_2ND.WAV,SPEAKER_00,450.3614,450.8136,a,0.6887
MGM_AFA1_2ND.WAV,SPEAKER_00,450.8136,451.2657,l,0.6887
MGM_AFA1_2ND.WAV,SPEAKER_00,451.2657,451.7179,n,0.6887
MGM_AFA1_2ND.WAV,SPEAKER_00,451.7179,452.1701,l,0.6887
MGM_AFA1_2ND.WAV,SPEAKER_00,452.1701,452.6222,n,0.6887
MGM_AFA1_2ND.WAV,SPEAKER_00,452.6222,453.0744,m,0.6887
MGM_AFA1_2ND.WAV,SPEAKER_00,453.0744,453.5266,l,0.6887
MGM_AFA1_2ND.WAV,SPEAKER_00,453.5266,453.9788,n,0.6887
MGM_AFA1_2ND.WAV,SPEAKER_00,453.9788,454.4309,m,0.6887
MGM_AFA1_2ND.WAV,SPEAKER_00,454.4309,454.8831,l,0.6887
MGM_AFA1_2ND.WAV,SPEAKER_00,454.8831,455.3353,o,0.6887
MGM_AFA1_2ND.WAV,SPEAKER_00,455.3353,455.7874,n,0.6887
MGM_AFA1_2ND.WAV,SPEAKER_00,455.7874,456.2396,m,0.6887
MGM_AFA1_2ND.WAV,SPEAKER_00,456.2396,456.6918,l,0.6887
MGM_AFA1_2ND.WAV,SPEAKER_00,456.6918,457.1439,n,0.6887
MGM_AFA1_2ND.WAV,SPEAKER_00,457.1439,457.5961,m,0.6887
MGM_AFA1_2ND.WAV,SPEAKER_00,457.5961,458.0483,l,0.6887
MGM_AFA1_2ND.WAV,SPEAKER_00,458.0483,458.5005,n,0.6887
MGM_AFA1_2ND.WAV,SPEAKER_00,459.857,460.3091,i,0.6887
MGM_AFA1_2ND.WAV,SPEAKER_00,460.3091,460.7613,c,0.6543
MGM_AFA1_2ND.WAV,SPEAKER_00,460.7613,461.2135,a,0.6887
MGM_AFA1_2ND.WAV,SPEAKER_00,465.283,465.7352,a,0.6887
MGM_AFA1_2ND.WAV,SPEAKER_00,465.7352,466.1873,n,0.6887
MGM_AFA1_2ND.WAV,SPEAKER_00,467.0917,467.5439,k,0.6887
MGM_AFA1_2ND.WAV,SPEAKER_00,482.9176,483.3698,u,0.6887
MGM_AFA1_2ND.WAV,SPEAKER_00,483.3698,483.822,t,0.6543
MGM_AFA1_2ND.WAV,SPEAKER_00,483.822,484.2741,ɟ,0.6543
MGM_AFA1_2ND.WAV,SPEAKER_00,486.0828,486.535,u,0.6887
MGM_AFA1_2ND.WAV,SPEAKER_00,486.535,486.9872,ɟ,0.6543
MGM_AFA1_2ND.WAV,SPEAKER_00,486.9872,487.4393,u,0.6887
MGM_AFA1_2ND.WAV,SPEAKER_00,487.4393,487.8915,ɟ,0.6543
MGM_AFA1_2ND.WAV,SPEAKER_00,487.8915,488.3437,u,0.6887
MGM_AFA1_2ND.WAV,SPEAKER_00,488.3437,488.7958,k,0.6887
MGM_AFA1_2ND.WAV,SPEAKER_00,488.7958,489.248,i,0.6887
MGM_AFA1_2ND.WAV,SPEAKER_00,489.248,489.7002,n,0.6887
MGM_AFA1_2ND.WAV,SPEAKER_00,489.7002,490.1524,u,0.6887
MGM_AFA1_2ND.WAV,SPEAKER_00,490.1524,490.6045,?,0.34435
MGM_AFA1_2ND.WAV,SPEAKER_00,490.6045,491.0567,a,0.6887
MGM_AFA1_2ND.WAV,SPEAKER_00,491.0567,491.5089,k,0.6887
MGM_AFA1_2ND.WAV,SPEAKER_00,491.5089,491.961,i,0.6887
MGM_AFA1_2ND.WAV,SPEAKER_00,491.961,492.4132,n,0.6887
MGM_AFA1_2ND.WAV,SPEAKER_00,492.4132,492.8654,u,0.6887
MGM_AFA1_2ND.WAV,SPEAKER_00,492.8654,493.3175,k,0.6887
MGM_AFA1_2ND.WAV,SPEAKER_00,497.3871,497.8392,t,0.6543
MGM_AFA1_2ND.WAV,SPEAKER_00,497.8392,498.2914,a,0.6887
MGM_AFA1_2ND.WAV,SPEAKER_00,498.2914,498.7436,?,0.34435
MGM_AFA1_2ND.WAV,SPEAKER_00,498.7436,499.1958,?,0.34435
MGM_AFA1_2ND.WAV,SPEAKER_00,499.1958,499.6479,m,0.6887
MGM_AFA1_2ND.WAV,SPEAKER_00,499.6479,500.1001,t,0.6543
MGM_AFA1_2ND.WAV,SPEAKER_00,500.1001,500.5523,?,0.34435
MGM_AFA1_2ND.WAV,SPEAKER_00,500.5523,501.0044,?,0.34435
MGM_AFA1_2ND.WAV,SPEAKER_00,501.0044,501.4566,t,0.6543
MGM_AFA1_2ND.WAV,SPEAKER_00,501.4566,501.9088,?,0.34435
MGM_AFA1_2ND.WAV,SPEAKER_00,501.9088,502.3609,?,0.34435
MGM_AFA1_2ND.WAV,SPEAKER_00,502.3609,502.8131,a,0.6887
MGM_AFA1_2ND.WAV,SPEAKER_00,502.8131,503.2653,t,0.6543
MGM_AFA1_2ND.WAV,SPEAKER_00,507.787,508.2392,c,0.6543
MGM_AFA1_2ND.WAV,SPEAKER_00,508.2392,508.6913,e,0.6887
MGM_AFA1_2ND.WAV,SPEAKER_00,508.6913,509.1435,k,0.6887
MGM_AFA1_2ND.WAV,SPEAKER_00,509.1435,509.5957,u,0.6887
MGM_AFA1_2ND.WAV,SPEAKER_00,509.5957,510.0478,n,0.6887
MGM_AFA1_2ND.WAV,SPEAKER_00,510.0478,510.5,a,0.6887
MGM_AFA1_2ND.WAV,SPEAKER_00,510.5,510.9522,t,0.6887
MGM_AFA1_2ND.WAV,SPEAKER_00,510.9522,511.4044,a,0.6887
MGM_AFA1_2ND.WAV,SPEAKER_00,511.4044,511.8565,i,0.6887
MGM_AFA1_2ND.WAV,SPEAKER_00,511.8565,512.3087,n,0.6887
MGM_AFA1_2ND.WAV,SPEAKER_00,512.3087,512.7609,?,0.34435
MGM_AFA1_2ND.WAV,SPEAKER_00,514.1174,514.5695,o,0.6887
MGM_AFA1_2ND.WAV,SPEAKER_00,519.9956,520.4478,?,0.34435
MGM_AFA1_2ND.WAV,SPEAKER_00,520.4478,520.8999,t,0.6543
MGM_AFA1_2ND.WAV,SPEAKER_00,520.8999,521.3521,i,0.6887
MGM_AFA1_2ND.WAV,SPEAKER_00,521.3521,521.8043,p,0.6543
MGM_AFA1_2ND.WAV,SPEAKER_00,521.8043,522.2564,n,0.6887
MGM_AFA1_2ND.WAV,SPEAKER_00,522.2564,522.7086,u,0.6887
MGM_AFA1_2ND.WAV,SPEAKER_00,522.7086,523.1608,i,0.6887
MGM_AFA1_2ND.WAV,SPEAKER_00,523.1608,523.6129,?,0.34435
MGM_AFA1_2ND.WAV,SPEAKER_00,523.6129,524.0651,e,0.6887
MGM_AFA1_2ND.WAV,SPEAKER_00,524.0651,524.5173,n,0.6887
MGM_AFA1_2ND.WAV,SPEAKER_00,524.5173,524.9695,u,0.6887
MGM_AFA1_2ND.WAV,SPEAKER_00,524.9695,525.4216,p,0.6887
MGM_AFA1_2ND.WAV,SPEAKER_00,529.9433,530.3955,k,0.6543
MGM_AFA1_2ND.WAV,SPEAKER_00,537.178,537.6302,t,0.6887
MGM_AFA1_2ND.WAV,SPEAKER_00,537.6302,538.0824,i,0.6887
MGM_AFA1_2ND.WAV,SPEAKER_00,538.0824,538.5346,l,0.6887
MGM_AFA1_2ND.WAV,SPEAKER_00,538.5346,538.9867,?,0.34435
MGM_AFA1_2ND.WAV,SPEAKER_00,538.9867,539.4389,p,0.6887
MGM_AFA1_2ND.WAV,SPEAKER_00,539.4389,539.8911,i,0.6887
MGM_AFA1_2ND.WAV,SPEAKER_00,539.8911,540.3432,l,0.6887
MGM_AFA1_2ND.WAV,SPEAKER_00,540.3432,540.7954,a,0.6887
MGM_AFA1_2ND.WAV,SPEAKER_00,540.7954,541.2476,p,0.6887
MGM_AFA1_2ND.WAV,SPEAKER_00,541.2476,541.6997,i,0.6887
MGM_AFA1_2ND.WAV,SPEAKER_00,541.6997,542.1519,l,0.6887
MGM_AFA1_2ND.WAV,SPEAKER_00,543.0563,543.5084,p,0.6887
MGM_AFA1_2ND.WAV,SPEAKER_00,543.5084,543.9606,i,0.6887
MGM_AFA1_2ND.WAV,SPEAKER_00,544.4128,544.8649,?,0.34435
MGM_AFA1_2ND.WAV,SPEAKER_00,544.8649,545.3171,a,0.6887
MGM_AFA1_2ND.WAV,SPEAKER_00,553.004,553.4562,t,0.6887
MGM_AFA1_2ND.WAV,SPEAKER_00,553.4562,553.9083,m,0.6887
MGM_AFA1_2ND.WAV,SPEAKER_00,553.9083,554.3605,u,0.6887
MGM_AFA1_2ND.WAV,SPEAKER_00,554.3605,554.8127,m,0.6887
MGM_AFA1_2ND.WAV,SPEAKER_00,554.8127,555.2648,k,0.6543
MGM_AFA1_2ND.WAV,SPEAKER_00,555.2648,555.717,a,0.6887
MGM_AFA1_2ND.WAV,SPEAKER_00,559.7865,560.2387,?,0.34435
MGM_AFA1_2ND.WAV,SPEAKER_00,560.2387,560.6909,?,0.34435
MGM_AFA1_2ND.WAV,SPEAKER_00,565.2126,565.6648,p,0.6887
MGM_AFA1_2ND.WAV,SPEAKER_00,565.6648,566.1169,i,0.6887
MGM_AFA1_2ND.WAV,SPEAKER_00,566.1169,566.5691,a,0.6887
MGM_AFA1_2ND.WAV,SPEAKER_00,566.5691,567.0213,t,0.6543
MGM_AFA1_2ND.WAV,SPEAKER_00,567.0213,567.4734,a,0.6887
MGM_AFA1_2ND.WAV,SPEAKER_00,567.9256,568.3778,i,0.6887
MGM_AFA1_2ND.WAV,SPEAKER_00,568.3778,568.83,p,0.6887
MGM_AFA1_2ND.WAV,SPEAKER_00,568.83,569.2821,i,0.6887
MGM_AFA1_2ND.WAV,SPEAKER_00,569.2821,569.7343,a,0.6887
MGM_AFA1_2ND.WAV,SPEAKER_00,570.6386,571.0908,i,0.6887
MGM_AFA1_2ND.WAV,SPEAKER_00,571.0908,571.543,p,0.6887
MGM_AFA1_2ND.WAV,SPEAKER_00,571.543,571.9951,i,0.6887
MGM_AFA1_2ND.WAV,SPEAKER_00,571.9951,572.4473,p,0.6887
MGM_AFA1_2ND.WAV,SPEAKER_00,572.4473,572.8995,a,0.6887
MGM_AFA1_2ND.WAV,SPEAKER_00,572.8995,573.3517,?,0.34435
MGM_AFA1_2ND.WAV,SPEAKER_00,573.3517,573.8038,u,0.6887
MGM_AFA1_2ND.WAV,SPEAKER_00,573.8038,574.256,t,0.6887
MGM_AFA1_2ND.WAV,SPEAKER_00,574.256,574.7082,e,0.6887
MGM_AFA1_2ND.WAV,SPEAKER_00,574.7082,575.1603,t,0.6887
MGM_AFA1_2ND.WAV,SPEAKER_00,575.1603,575.6125,a,0.6887
MGM_AFA1_2ND.WAV,SPEAKER_00,575.6125,576.0647,t,0.6887
MGM_AFA1_2ND.WAV,SPEAKER_00,576.0647,576.5168,e,0.6887
MGM_AFA1_2ND.WAV,SPEAKER_00,576.5168,576.969,t,0.6887
MGM_AFA1_2ND.WAV,SPEAKER_00,576.969,577.4212,a,0.6887
MGM_AFA1_2ND.WAV,SPEAKER_00,577.4212,577.8734,t,0.6887
MGM_AFA1_2ND.WAV,SPEAKER_00,577.8734,578.3255,e,0.6887
MGM_AFA1_2ND.WAV,SPEAKER_00,578.3255,578.7777,t,0.6887
MGM_AFA1_2ND.WAV,SPEAKER_00,578.7777,579.2299,a,0.6887
MGM_AFA1_2ND.WAV,SPEAKER_00,579.2299,579.682,t,0.6887
MGM_AFA1_2ND.WAV,SPEAKER_00,579.682,580.1342,e,0.6887
MGM_AFA1_2ND.WAV,SPEAKER_00,580.1342,580.5864,t,0.6887
MGM_AFA1_2ND.WAV,SPEAKER_00,580.5864,581.0385,a,0.6887
MGM_AFA1_2ND.WAV,SPEAKER_00,581.0385,581.4907,t,0.6887
MGM_AFA1_2ND.WAV,SPEAKER_00,581.4907,581.9429,e,0.6887
MGM_AFA1_2ND.WAV,SPEAKER_00,581.9429,582.3951,t,0.6887
MGM_AFA1_2ND.WAV,SPEAKER_00,582.3951,582.8472,a,0.6887
MGM_AFA1_2ND.WAV,SPEAKER_00,582.8472,583.2994,t,0.6887
MGM_AFA1_2ND.WAV,SPEAKER_00,583.2994,583.7516,a,0.6887
MGM_AFA1_2ND.WAV,SPEAKER_00,583.7516,584.2037,c,0.6543
MGM_AFA1_2ND.WAV,SPEAKER_00,584.2037,584.6559,?,0.34435
MGM_AFA1_2ND.WAV,SPEAKER_00,584.6559,585.1081,l,0.6887
MGM_AFA1_2ND.WAV,SPEAKER_00,585.1081,585.5602,e,0.6887
MGM_AFA1_2ND.WAV,SPEAKER_00,586.9168,587.3689,a,0.6887
MGM_AFA1_2ND.WAV,SPEAKER_00,587.3689,587.8211,t,0.6887
MGM_AFA1_2ND.WAV,SPEAKER_00,587.8211,588.2733,n,0.6887
MGM_AFA1_2ND.WAV,SPEAKER_00,588.2733,588.7254,c,0.6543
MGM_AFA1_2ND.WAV,SPEAKER_00,588.7254,589.1776,?,0.34435
MGM_AFA1_2ND.WAV,SPEAKER_00,593.6993,594.1515,a,0.6887
MGM_AFA1_2ND.WAV,SPEAKER_00,594.1515,594.6036,m,0.6887
MGM_AFA1_2ND.WAV,SPEAKER_00,594.6036,595.0558,a,0.6887
MGM_AFA1_2ND.WAV,SPEAKER_00,595.0558,595.508,c,0.6543
MGM_AFA1_2ND.WAV,SPEAKER_00,595.508,595.9602,ɹ,0.6543
MGM_AFA1_2ND.WAV,SPEAKER_00,595.9602,596.4123,i,0.6887
MGM_AFA1_2ND.WAV,SPEAKER_00,596.4123,596.8645,?,0.34435
MGM_AFA1_2ND.WAV,SPEAKER_00,596.8645,597.3167,a,0.6887
MGM_AFA1_2ND.WAV,SPEAKER_00,597.3167,597.7688,c,0.6543
MGM_AFA1_2ND.WAV,SPEAKER_00,597.7688,598.221,ɹ,0.6543
MGM_AFA1_2ND.WAV,SPEAKER_00,598.221,598.6732,i,0.6887
MGM_AFA1_2ND.WAV,SPEAKER_00,598.6732,599.1253,c,0.6543
MGM_AFA1_2ND.WAV,SPEAKER_00,599.1253,599.5775,ɹ,0.6543
MGM_AFA1_2ND.WAV,SPEAKER_00,599.5775,600.0297,i,0.6887
MGM_AFA1_2ND.WAV,SPEAKER_00,603.647,604.0992,c,0.6543
MGM_AFA1_2ND.WAV,SPEAKER_00,604.0992,604.5514,ɹ,0.6543
MGM_AFA1_2ND.WAV,SPEAKER_00,604.5514,605.0036,i,0.6887
MGM_AFA1_2ND.WAV,SPEAKER_00,605.0036,605.4557,e,0.6887
MGM_AFA1_2ND.WAV,SPEAKER_00,605.4557,605.9079,t,0.6543
MGM_AFA1_2ND.WAV,SPEAKER_00,605.9079,606.3601,?,0.34435
MGM_AFA1_2ND.WAV,SPEAKER_00,606.3601,606.8122,k,0.6543
MGM_AFA1_2ND.WAV,SPEAKER_00,606.8122,607.2644,ɹ,0.6543
MGM_AFA1_2ND.WAV,SPEAKER_00,607.2644,607.7166,i,0.6887
MGM_AFA1_2ND.WAV,SPEAKER_00,607.7166,608.1687,k,0.6543
MGM_AFA1_2ND.WAV,SPEAKER_00,608.1687,608.6209,ɹ,0.6543
MGM_AFA1_2ND.WAV,SPEAKER_00,608.6209,609.0731,i,0.6887
MGM_AFA1_2ND.WAV,SPEAKER_00,609.0731,609.5253,k,0.6543
MGM_AFA1_2ND.WAV,SPEAKER_00,609.5253,609.9774,ɹ,0.6543
MGM_AFA1_2ND.WAV,SPEAKER_00,615.8556,616.3078,a,0.6887
MGM_AFA1_2ND.WAV,SPEAKER_00,618.1165,618.5687,t,0.6887
MGM_AFA1_2ND.WAV,SPEAKER_00,618.5687,619.0208,?,0.34435
MGM_AFA1_2ND.WAV,SPEAKER_00,619.0208,619.473,n,0.6887
MGM_AFA1_2ND.WAV,SPEAKER_00,619.473,619.9252,u,0.6887
MGM_AFA1_2ND.WAV,SPEAKER_00,619.9252,620.3773,t,0.6887
MGM_AFA1_2ND.WAV,SPEAKER_00,620.3773,620.8295,?,0.34435
MGM_AFA1_2ND.WAV,SPEAKER_00,620.8295,621.2817,n,0.6887
MGM_AFA1_2ND.WAV,SPEAKER_00,621.2817,621.7338,u,0.6887
MGM_AFA1_2ND.WAV,SPEAKER_00,621.7338,622.186,a,0.6887
MGM_AFA1_2ND.WAV,SPEAKER_00,622.186,622.6382,p,0.6887
MGM_AFA1_2ND.WAV,SPEAKER_00,622.6382,623.0904,ɹ,0.6543
MGM_AFA1_2ND.WAV,SPEAKER_00,623.0904,623.5425,c,0.6543
MGM_AFA1_2ND.WAV,SPEAKER_00,623.5425,623.9947,?,0.34435
MGM_AFA1_2ND.WAV,SPEAKER_00,623.9947,624.4469,t,0.6543
MGM_AFA1_2ND.WAV,SPEAKER_00,624.4469,624.899,n,0.6887
MGM_AFA1_2ND.WAV,SPEAKER_00,624.899,625.3512,?,0.34435
MGM_AFA1_2ND.WAV,SPEAKER_00,625.3512,625.8034,t,0.6543
MGM_AFA1_2ND.WAV,SPEAKER_00,625.8034,626.2555,?,0.34435
MGM_AFA1_2ND.WAV,SPEAKER_00,626.2555,626.7077,t,0.6543
MGM_AFA1_2ND.WAV,SPEAKER_00,626.7077,627.1599,?,0.34435
MGM_AFA1_2ND.WAV,SPEAKER_00,627.6121,628.0642,?,0.34435
MGM_AFA1_2ND.WAV,SPEAKER_00,628.0642,628.5164,t,0.6543
MGM_AFA1_2ND.WAV,SPEAKER_00,628.5164,628.9686,?,0.34435
MGM_AFA1_2ND.WAV,SPEAKER_00,628.9686,629.4207,?,0.34435
MGM_AFA1_2ND.WAV,SPEAKER_00,629.4207,629.8729,?,0.34435
MGM_AFA1_2ND.WAV,SPEAKER_00,629.8729,630.3251,p,0.6887
MGM_AFA1_2ND.WAV,SPEAKER_00,630.3251,630.7773,?,0.34435
MGM_AFA1_2ND.WAV,SPEAKER_00,630.7773,631.2294,t,0.6543
MGM_AFA1_2ND.WAV,SPEAKER_00,631.2294,631.6816,?,0.34435
MGM_AFA1_2ND.WAV,SPEAKER_00,635.299,635.7511,?,0.34435
MGM_AFA1_2ND.WAV,SPEAKER_00,635.7511,636.2033,?,0.34435
MGM_AFA1_2ND.WAV,SPEAKER_00,636.2033,636.6555,t,0.6543
MGM_AFA1_2ND.WAV,SPEAKER_00,636.6555,637.1076,?,0.34435
MGM_AFA1_2ND.WAV,SPEAKER_00,637.1076,637.5598,?,0.34435
MGM_AFA1_2ND.WAV,SPEAKER_00,637.5598,638.012,s,0.6887
MGM_AFA1_2ND.WAV,SPEAKER_00,638.012,638.4641,e,0.6887
MGM_AFA1_2ND.WAV,SPEAKER_00,638.4641,638.9163,i,0.6887
MGM_AFA1_2ND.WAV,SPEAKER_00,638.9163,639.3685,?,0.34435
MGM_AFA1_2ND.WAV,SPEAKER_00,639.3685,639.8207,n,0.6887
MGM_AFA1_2ND.WAV,SPEAKER_00,639.8207,640.2728,t,0.6543
MGM_AFA1_2ND.WAV,SPEAKER_00,640.2728,640.725,n,0.6887
MGM_AFA1_2ND.WAV,SPEAKER_00,640.725,641.1772,c,0.6543
MGM_AFA1_2ND.WAV,SPEAKER_00,644.3424,644.7945,?,0.34435
MGM_AFA1_2ND.WAV,SPEAKER_00,646.151,646.6032,t,0.6543
MGM_AFA1_2ND.WAV,SPEAKER_00,646.6032,647.0554,n,0.6887
MGM_AFA1_2ND.WAV,SPEAKER_00,647.0554,647.5075,c,0.6543
MGM_AFA1_2ND.WAV,SPEAKER_00,647.5075,647.9597,a,0.6887
MGM_AFA1_2ND.WAV,SPEAKER_00,647.9597,648.4119,t,0.6543
MGM_AFA1_2ND.WAV,SPEAKER_00,648.4119,648.8641,n,0.6887
MGM_AFA1_2ND.WAV,SPEAKER_00,653.8379,654.2901,u,0.6887
MGM_AFA1_2ND.WAV,SPEAKER_00,654.2901,654.7423,p,0.6887
MGM_AFA1_2ND.WAV,SPEAKER_00,654.7423,655.1944,a,0.6887
MGM_AFA1_2ND.WAV,SPEAKER_00,655.1944,655.6466,n,0.6887
MGM_AFA1_2ND.WAV,SPEAKER_00,657.4553,657.9075,a,0.6887
MGM_AFA1_2ND.WAV,SPEAKER_00,657.9075,658.3596,t,0.6887
MGM_AFA1_2ND.WAV,SPEAKER_00,658.3596,658.8118,a,0.6887
MGM_AFA1_2ND.WAV,SPEAKER_00,658.8118,659.264,?,0.34435
MGM_AFA1_2ND.WAV,SPEAKER_00,659.264,659.7161,t,0.6887
MGM_AFA1_2ND.WAV,SPEAKER_00,659.7161,660.1683,a,0.6887
MGM_AFA1_2ND.WAV,SPEAKER_00,660.1683,660.6205,t,0.6887
MGM_AFA1_2ND.WAV,SPEAKER_00,664.2378,664.69,c,0.6543
MGM_AFA1_2ND.WAV,SPEAKER_00,664.69,665.1422,a,0.6887
MGM_AFA1_2ND.WAV,SPEAKER_00,665.1422,665.5943,ɹ,0.6543
MGM_AFA1_2ND.WAV,SPEAKER_00,665.5943,666.0465,?,0.34435
MGM_AFA1_2ND.WAV,SPEAKER_00,666.0465,666.4987,k,0.6887
MGM_AFA1_2ND.WAV,SPEAKER_00,666.4987,666.9509,i,0.6887
MGM_AFA1_2ND.WAV,SPEAKER_00,666.9509,667.403,m,0.6887
MGM_AFA1_2ND.WAV,SPEAKER_00,667.403,667.8552,c,0.6543
MGM_AFA1_2ND.WAV,SPEAKER_00,667.8552,668.3074,t,0.6887
MGM_AFA1_2ND.WAV,SPEAKER_00,671.9247,672.3769,p,0.6887
MGM_AFA1_2ND.WAV,SPEAKER_00,672.3769,672.8291,p,0.6887
MGM_AFA1_2ND.WAV,SPEAKER_00,673.2812,673.7334,?,0.34435
MGM_AFA1_2ND.WAV,SPEAKER_00,673.7334,674.1856,a,0.6887
MGM_AFA1_2ND.WAV,SPEAKER_00,674.1856,674.6377,ɹ,0.6543
MGM_AFA1_2ND.WAV,SPEAKER_00,674.6377,675.0899,c,0.6543
MGM_AFA1_2ND.WAV,SPEAKER_00,675.0899,675.5421,i,0.6887
MGM_AFA1_2ND.WAV,SPEAKER_00,675.5421,675.9943,l,0.6887
MGM_AFA1_2ND.WAV,SPEAKER_00,675.9943,676.4464,a,0.6887
MGM_AFA1_2ND.WAV,SPEAKER_00,676.4464,676.8986,c,0.6543
MGM_AFA1_2ND.WAV,SPEAKER_00,676.8986,677.3508,i,0.6887
MGM_AFA1_2ND.WAV,SPEAKER_00,677.3508,677.8029,l,0.6887
MGM_AFA1_2ND.WAV,SPEAKER_00,677.8029,678.2551,a,0.6887
MGM_AFA1_2ND.WAV,SPEAKER_00,678.2551,678.7073,h,0.6887
MGM_AFA1_2ND.WAV,SPEAKER_00,678.7073,679.1594,i,0.6887
MGM_AFA1_2ND.WAV,SPEAKER_00,679.1594,679.6116,l,0.6887
MGM_AFA1_2ND.WAV,SPEAKER_00,679.6116,680.0638,a,0.6887
MGM_AFA1_2ND.WAV,SPEAKER_00,680.0638,680.516,c,0.6543
MGM_AFA1_2ND.WAV,SPEAKER_00,680.516,680.9681,u,0.6887
MGM_AFA1_2ND.WAV,SPEAKER_00,680.9681,681.4203,k,0.6887
MGM_AFA1_2ND.WAV,SPEAKER_00,681.4203,681.8725,c,0.6543
MGM_AFA1_2ND.WAV,SPEAKER_00,681.8725,682.3246,m,0.6887
MGM_AFA1_2ND.WAV,SPEAKER_00,682.3246,682.7768,i,0.6887
MGM_AFA1_2ND.WAV,SPEAKER_00,685.942,686.3942,i,0.6887
MGM_AFA1_2ND.WAV,SPEAKER_00,686.3942,686.8463,l,0.6887
MGM_AFA1_2ND.WAV,SPEAKER_00,686.8463,687.2985,a,0.6887
MGM_AFA1_2ND.WAV,SPEAKER_00,687.2985,687.7507,i,0.6887
MGM_AFA1_2ND.WAV,SPEAKER_00,687.7507,688.2028,n,0.6887
MGM_AFA1_2ND.WAV,SPEAKER_00,688.2028,688.655,o,0.6887
MGM_AFA1_2ND.WAV,SPEAKER_00,688.655,689.1072,?,0.34435
MGM_AFA1_2ND.WAV,SPEAKER_00,689.1072,689.5594,p,0.6543
MGM_AFA1_2ND.WAV,SPEAKER_00,689.5594,690.0115,u,0.6887
MGM_AFA1_2ND.WAV,SPEAKER_00,690.0115,690.4637,i,0.6887
MGM_AFA1_2ND.WAV,SPEAKER_00,690.4637,690.9159,t,0.6543
MGM_AFA1_2ND.WAV,SPEAKER_00,690.9159,691.368,a,0.6887
MGM_AFA1_2ND.WAV,SPEAKER_00,691.368,691.8202,k,0.6887
MGM_AFA1_2ND.WAV,SPEAKER_00,691.8202,692.2724,p,0.6543
MGM_AFA1_2ND.WAV,SPEAKER_00,692.2724,692.7245,a,0.6887
MGM_AFA1_2ND.WAV,SPEAKER_00,692.7245,693.1767,i,0.6887
MGM_AFA1_2ND.WAV,SPEAKER_00,693.1767,693.6289,t,0.6543
MGM_AFA1_2ND.WAV,SPEAKER_00,693.6289,694.0811,a,0.6887
MGM_AFA1_2ND.WAV,SPEAKER_00,694.0811,694.5332,k,0.6887
MGM_AFA1_2ND.WAV,SPEAKER_00,694.5332,694.9854,?,0.34435
MGM_AFA1_2ND.WAV,SPEAKER_00,694.9854,695.4376,p,0.6543
MGM_AFA1_2ND.WAV,SPEAKER_00,695.4376,695.8897,a,0.6887
MGM_AFA1_2ND.WAV,SPEAKER_00,695.8897,696.3419,i,0.6887
MGM_AFA1_2ND.WAV,SPEAKER_00,697.6984,698.1506,a,0.6887
MGM_AFA1_2ND.WAV,SPEAKER_00,698.1506,698.6028,p,0.6543
MGM_AFA1_2ND.WAV,SPEAKER_00,698.6028,699.0549,a,0.6887
MGM_AFA1_2ND.WAV,SPEAKER_00,699.0549,699.5071,i,0.6887
MGM_AFA1_2ND.WAV,SPEAKER_00,699.5071,699.9593,t,0.6543
MGM_AFA1_2ND.WAV,SPEAKER_00,699.9593,700.4114,a,0.6887
MGM_AFA1_2ND.WAV,SPEAKER_00,700.4114,700.8636,l,0.6887
MGM_AFA1_2ND.WAV,SPEAKER_00,700.8636,701.3158,a,0.6887
MGM_AFA1_2ND.WAV,SPEAKER_00,701.3158,701.768,t,0.6543
MGM_AFA1_2ND.WAV,SPEAKER_00,701.768,702.2201,u,0.6887
MGM_AFA1_2ND.WAV,SPEAKER_00,702.2201,702.6723,i,0.6887
MGM_AFA1_2ND.WAV,SPEAKER_00,702.6723,703.1245,j,0.6887
MGM_AFA1_2ND.WAV,SPEAKER_00,703.1245,703.5766,a,0.6887
MGM_AFA1_2ND.WAV,SPEAKER_00,703.5766,704.0288,t,0.6543
MGM_AFA1_2ND.WAV,SPEAKER_00,704.0288,704.481,u,0.6887
MGM_AFA1_2ND.WAV,SPEAKER_00,704.481,704.9331,i,0.6887
MGM_AFA1_2ND.WAV,SPEAKER_00,704.9331,705.3853,a,0.6887
MGM_AFA1_2ND.WAV,SPEAKER_00,705.3853,705.8375,t,0.6543
MGM_AFA1_2ND.WAV,SPEAKER_00,705.8375,706.2897,u,0.6887
MGM_AFA1_2ND.WAV,SPEAKER_00,710.8114,711.2635,t,0.6887
MGM_AFA1_2ND.WAV,SPEAKER_00,711.2635,711.7157,u,0.6887
MGM_AFA1_2ND.WAV,SPEAKER_00,711.7157,712.1679,t,0.6543
MGM_AFA1_2ND.WAV,SPEAKER_00,712.1679,712.62,?,0.34435
MGM_AFA1_2ND.WAV,SPEAKER_00,712.62,713.0722,t,0.6887
MGM_AFA1_2ND.WAV,SPEAKER_00,713.0722,713.5244,u,0.6887
MGM_AFA1_2ND.WAV,SPEAKER_00,713.5244,713.9765,p,0.6887
MGM_AFA1_2ND.WAV,SPEAKER_00,713.9765,714.4287,i,0.6887
MGM_AFA1_2ND.WAV,SPEAKER_00,714.4287,714.8809,l,0.6887
MGM_AFA1_2ND.WAV,SPEAKER_00,714.8809,715.3331,u,0.6887
MGM_AFA1_2ND.WAV,SPEAKER_00,715.3331,715.7852,k,0.6887
MGM_AFA1_2ND.WAV,SPEAKER_00,715.7852,716.2374,ɹ,0.6543
MGM_AFA1_2ND.WAV,SPEAKER_00,716.2374,716.6896,u,0.6887
MGM_AFA1_2ND.WAV,SPEAKER_00,716.6896,717.1417,k,0.6887
MGM_AFA1_2ND.WAV,SPEAKER_00,717.1417,717.5939,l,0.6887
MGM_AFA1_2ND.WAV,SPEAKER_00,723.0199,723.4721,u,0.6887
MGM_AFA1_2ND.WAV,SPEAKER_00,723.4721,723.9243,l,0.6887
MGM_AFA1_2ND.WAV,SPEAKER_00,723.9243,724.3765,u,0.6887
MGM_AFA1_2ND.WAV,SPEAKER_00,724.3765,724.8286,k,0.6887
MGM_AFA1_2ND.WAV,SPEAKER_00,724.8286,725.2808,ɹ,0.6543
MGM_AFA1_2ND.WAV,SPEAKER_00,725.2808,725.733,?,0.34435
MGM_AFA1_2ND.WAV,SPEAKER_00,725.733,726.1851,l,0.6887
MGM_AFA1_2ND.WAV,SPEAKER_00,726.1851,726.6373,u,0.6887
MGM_AFA1_2ND.WAV,SPEAKER_00,726.6373,727.0895,k,0.6887
MGM_AFA1_2ND.WAV,SPEAKER_00,727.0895,727.5416,ɹ,0.6543
MGM_AFA1_2ND.WAV,SPEAKER_00,729.3503,729.8025,ɹ,0.6543
MGM_AFA1_2ND.WAV,SPEAKER_00,729.8025,730.2547,u,0.6887
MGM_AFA1_2ND.WAV,SPEAKER_00,730.2547,730.7068,t,0.6543
MGM_AFA1_2ND.WAV,SPEAKER_00,730.7068,731.159,a,0.6887
MGM_AFA1_2ND.WAV,SPEAKER_00,731.159,731.6112,m,0.6887
MGM_AFA1_2ND.WAV,SPEAKER_00,736.1329,736.585,o,0.6887
MGM_AFA1_2ND.WAV,SPEAKER_00,736.585,737.0372,m,0.6887
MGM_AFA1_2ND.WAV,SPEAKER_00,737.0372,737.4894,i,0.6887
MGM_AFA1_2ND.WAV,SPEAKER_00,737.4894,737.9416,n,0.6887
MGM_AFA1_2ND.WAV,SPEAKER_00,737.9416,738.3937,a,0.6887
MGM_AFA1_2ND.WAV,SPEAKER_00,738.3937,738.8459,t,0.6543
MGM_AFA1_2ND.WAV,SPEAKER_00,740.2024,740.6546,n,0.6887
MGM_AFA1_2ND.WAV,SPEAKER_00,740.6546,741.1067,i,0.6887
MGM_AFA1_2ND.WAV,SPEAKER_00,741.1067,741.5589,n,0.6887
MGM_AFA1_2ND.WAV,SPEAKER_00,741.5589,742.0111,t,0.6543
MGM_AFA1_2ND.WAV,SPEAKER_00,742.0111,742.4633,e,0.6887
MGM_AFA1_2ND.WAV,SPEAKER_00,746.5328,746.985,i,0.6887
MGM_AFA1_2ND.WAV,SPEAKER_00,746.985,747.4371,p,0.6543
MGM_AFA1_2ND.WAV,SPEAKER_00,747.4371,747.8893,?,0.34435
MGM_AFA1_2ND.WAV,SPEAKER_00,747.8893,748.3415,i,0.6887
MGM_AFA1_2ND.WAV,SPEAKER_00,748.3415,748.7936,p,0.6543
MGM_AFA1_2ND.WAV,SPEAKER_00,748.7936,749.2458,?,0.34435
MGM_AFA1_2ND.WAV,SPEAKER_00,749.2458,749.698,i,0.6887
MGM_AFA1_2ND.WAV,SPEAKER_00,749.698,750.1501,p,0.6543
MGM_AFA1_2ND.WAV,SPEAKER_00,750.1501,750.6023,?,0.34435
MGM_AFA1_2ND.WAV,SPEAKER_00,750.6023,751.0545,i,0.6887
MGM_AFA1_2ND.WAV,SPEAKER_00,751.0545,751.5067,m,0.6887
MGM_AFA1_2ND.WAV,SPEAKER_00,751.5067,751.9588,o,0.6887
MGM_AFA1_2ND.WAV,SPEAKER_00,751.9588,752.411,i,0.6887
MGM_AFA1_2ND.WAV,SPEAKER_00,752.411,752.8632,s,0.6887
MGM_AFA1_2ND.WAV,SPEAKER_00,752.8632,753.3153,n,0.6887
MGM_AFA1_2ND.WAV,SPEAKER_00,753.3153,753.7675,t,0.6887
MGM_AFA1_2ND.WAV,SPEAKER_00,753.7675,754.2197,a,0.6887
MGM_AFA1_2ND.WAV,SPEAKER_00,757.3849,757.837,a,0.6887
MGM_AFA1_2ND.WAV,SPEAKER_00,757.837,758.2892,n,0.6887
MGM_AFA1_2ND.WAV,SPEAKER_00,758.2892,758.7414,a,0.6887
MGM_AFA1_2ND.WAV,SPEAKER_00,758.7414,759.1936,m,0.6887
MGM_AFA1_2ND.WAV,SPEAKER_00,759.1936,759.6457,n,0.6887
MGM_AFA1_2ND.WAV,SPEAKER_00,759.6457,760.0979,a,0.6887
MGM_AFA1_2ND.WAV,SPEAKER_00,760.0979,760.5501,k,0.6543
MGM_AFA1_2ND.WAV,SPEAKER_00,760.5501,761.0022,o,0.6887
MGM_AFA1_2ND.WAV,SPEAKER_00,761.0022,761.4544,j,0.6887
MGM_AFA1_2ND.WAV,SPEAKER_00,766.4283,766.8804,c,0.6543
MGM_AFA1_2ND.WAV,SPEAKER_00,766.8804,767.3326,t,0.6887
MGM_AFA1_2ND.WAV,SPEAKER_00,767.3326,767.7848,a,0.6887
MGM_AFA1_2ND.WAV,SPEAKER_00,767.7848,768.237,n,0.6887
MGM_AFA1_2ND.WAV,SPEAKER_00,768.237,768.6891,i,0.6887
MGM_AFA1_2ND.WAV,SPEAKER_00,768.6891,769.1413,c,0.6543
MGM_AFA1_2ND.WAV,SPEAKER_00,770.0456,770.4978,a,0.6887
MGM_AFA1_2ND.WAV,SPEAKER_00,770.4978,770.95,s,0.6887
MGM_AFA1_2ND.WAV,SPEAKER_00,771.4021,771.8543,?,0.34435
MGM_AFA1_2ND.WAV,SPEAKER_00,771.8543,772.3065,a,0.6887
MGM_AFA1_2ND.WAV,SPEAKER_00,772.3065,772.7587,t,0.6887
MGM_AFA1_2ND.WAV,SPEAKER_00,772.7587,773.2108,c,0.6543
MGM_AFA1_2ND.WAV,SPEAKER_00,773.2108,773.663,u,0.6887
MGM_AFA1_2ND.WAV,SPEAKER_00,773.663,774.1152,t,0.6887
MGM_AFA1_2ND.WAV,SPEAKER_00,774.1152,774.5673,i,0.6887
MGM_AFA1_2ND.WAV,SPEAKER_00,774.5673,775.0195,c,0.6543
MGM_AFA1_2ND.WAV,SPEAKER_00,775.0195,775.4717,u,0.6887
MGM_AFA1_2ND.WAV,SPEAKER_00,775.4717,775.9238,t,0.6887
MGM_AFA1_2ND.WAV,SPEAKER_00,775.9238,776.376,i,0.6887
MGM_AFA1_2ND.WAV,SPEAKER_00,776.376,776.8282,c,0.6543
MGM_AFA1_2ND.WAV,SPEAKER_00,776.8282,777.2804,u,0.6887
MGM_AFA1_2ND.WAV,SPEAKER_00,777.2804,777.7325,t,0.6887
MGM_AFA1_2ND.WAV,SPEAKER_00,777.7325,778.1847,i,0.6887
MGM_AFA1_2ND.WAV,SPEAKER_00,778.1847,778.6369,c,0.6543
MGM_AFA1_2ND.WAV,SPEAKER_00,778.6369,779.089,i,0.6887
MGM_AFA1_2ND.WAV,SPEAKER_00,779.089,779.5412,ɹ,0.6543
MGM_AFA1_2ND.WAV,SPEAKER_00,779.5412,779.9934,a,0.6887
MGM_AFA1_2ND.WAV,SPEAKER_00,779.9934,780.4455,p,0.6887
MGM_AFA1_2ND.WAV,SPEAKER_00,780.4455,780.8977,n,0.6887
MGM_AFA1_2ND.WAV,SPEAKER_00,781.3499,781.8021,t,0.6543
MGM_AFA1_2ND.WAV,SPEAKER_00,781.8021,782.2542,?,0.34435
MGM_AFA1_2ND.WAV,SPEAKER_00,782.2542,782.7064,l,0.6887
MGM_AFA1_2ND.WAV,SPEAKER_00,782.7064,783.1586,e,0.6887
MGM_AFA1_2ND.WAV,SPEAKER_00,783.1586,783.6107,s,0.6543
MGM_AFA1_2ND.WAV,SPEAKER_00,783.6107,784.0629,u,0.6887
MGM_AFA1_2ND.WAV,SPEAKER_00,786.7759,787.2281,e,0.6887
MGM_AFA1_2ND.WAV,SPEAKER_00,787.2281,787.6803,s,0.6543
MGM_AFA1_2ND.WAV,SPEAKER_00,787.6803,788.1324,l,0.6887
MGM_AFA1_2ND.WAV,SPEAKER_00,788.1324,788.5846,e,0.6887
MGM_AFA1_2ND.WAV,SPEAKER_00,788.5846,789.0368,p,0.6887
MGM_AFA1_2ND.WAV,SPEAKER_00,789.0368,789.4889,?,0.34435
MGM_AFA1_2ND.WAV,SPEAKER_00,789.4889,789.9411,l,0.6887
MGM_AFA1_2ND.WAV,SPEAKER_00,789.9411,790.3933,e,0.6887
MGM_AFA1_2ND.WAV,SPEAKER_00,790.3933,790.8455,p,0.6887
MGM_AFA1_2ND.WAV,SPEAKER_00,790.8455,791.2976,n,0.6887
MGM_AFA1_2ND.WAV,SPEAKER_00,791.2976,791.7498,p,0.6887
MGM_AFA1_2ND.WAV,SPEAKER_00,791.7498,792.202,n,0.6887
MGM_AFA1_2ND.WAV,SPEAKER_00,792.202,792.6541,l,0.6887
MGM_AFA1_2ND.WAV,SPEAKER_00,792.6541,793.1063,p,0.6887
MGM_AFA1_2ND.WAV,SPEAKER_00,793.1063,793.5585,n,0.6887
MGM_AFA1_2ND.WAV,SPEAKER_00,793.5585,794.0106,l,0.6887
MGM_AFA1_2ND.WAV,SPEAKER_00,794.0106,794.4628,e,0.6887
MGM_AFA1_2ND.WAV,SPEAKER_00,794.4628,794.915,p,0.6887
MGM_AFA1_2ND.WAV,SPEAKER_00,794.915,795.3672,?,0.34435
MGM_AFA1_2ND.WAV,SPEAKER_00,795.3672,795.8193,n,0.6887
MGM_AFA1_2ND.WAV,SPEAKER_00,795.8193,796.2715,l,0.6887
MGM_AFA1_2ND.WAV,SPEAKER_00,796.7237,797.1758,p,0.6887
MGM_AFA1_2ND.WAV,SPEAKER_00,800.7932,801.2454,u,0.6887
MGM_AFA1_2ND.WAV,SPEAKER_00,801.2454,801.6975,?,0.34435
MGM_AFA1_2ND.WAV,SPEAKER_00,801.6975,802.1497,u,0.6887
MGM_AFA1_2ND.WAV,SPEAKER_00,802.1497,802.6019,?,0.34435
MGM_AFA1_2ND.WAV,SPEAKER_00,802.6019,803.054,?,0.34435
MGM_AFA1_2ND.WAV,SPEAKER_00,803.054,803.5062,a,0.6887
MGM_AFA1_2ND.WAV,SPEAKER_00,803.5062,803.9584,u,0.6887
MGM_AFA1_2ND.WAV,SPEAKER_00,803.9584,804.4106,a,0.6887
MGM_AFA1_2ND.WAV,SPEAKER_00,804.4106,804.8627,i,0.6887
MGM_AFA1_2ND.WAV,SPEAKER_00,804.8627,805.3149,n,0.6887
MGM_AFA1_2ND.WAV,SPEAKER_00,805.3149,805.7671,a,0.6887
MGM_AFA1_2ND.WAV,SPEAKER_00,805.7671,806.2192,u,0.6887
MGM_AFA1_2ND.WAV,SPEAKER_00,806.2192,806.6714,j,0.6887
MGM_AFA1_2ND.WAV,SPEAKER_00,806.6714,807.1236,u,0.6887
MGM_AFA1_2ND.WAV,SPEAKER_00,807.1236,807.5757,t,0.6887
MGM_AFA1_2ND.WAV,SPEAKER_00,807.5757,808.0279,a,0.6887
MGM_AFA1_2ND.WAV,SPEAKER_00,808.0279,808.4801,n,0.6887
MGM_AFA1_2ND.WAV,SPEAKER_00,808.4801,808.9323,a,0.6887
MGM_AFA1_2ND.WAV,SPEAKER_00,808.9323,809.3844,n,0.6887
MGM_AFA1_2ND.WAV,SPEAKER_00,810.7409,811.1931,a,0.6887
MGM_AFA1_2ND.WAV,SPEAKER_00,815.2626,815.7148,s,0.6887
MGM_AFA1_2ND.WAV,SPEAKER_00,815.7148,816.167,a,0.6887
MGM_AFA1_2ND.WAV,SPEAKER_00,816.167,816.6191,n,0.6887
